	Label	Proportion amphipatic helix	Hydrophobicity	Hydrophobique moment	Peptide length	net charge	number aa in amphipatic helix	helix net charge
0	SP	0	1.29778	0.50584	18	2	0	0
1	SP	0	1.06444	0.47824	19	1	0	0
2	SP	0.5263157895	1	0.56387	19	2	10	0
3	SP	0.8947368421	0.93333	0.55968	19	2	17	2
4	SP	1	1.18	0.49472	19	1	19	1
5	SP	0.4736842105	1.21444	0.37359	19	1	9	0
6	SP	0	1.11444	0.27222	19	2	0	0
7	SP	0.7	1.11111	0.21542	20	1	14	0
8	SP	0	0.84444	0.36812	20	2	0	0
9	SP	0.75	1.18333	0.62371	20	2	15	2
10	SP	1	1.19889	0.54319	20	2	20	2
11	SP	0.9	1.09667	0.39679	20	2	18	1
12	SP	1	1.07444	0.40843	20	2	20	2
13	SP	0.75	1.17222	0.53753	20	2	15	0
14	SP	0.5	1.18	0.3964	20	2	10	0
15	SP	0.65	1.21333	0.54085	20	2	13	0
16	SP	0.5	0.93778	0.35173	20	2	10	1
17	SP	0.45	1.07111	0.59819	20	2	9	2
18	SP	0.45	1.01111	0.29592	20	2	9	0
19	SP	0.619047619	1.13667	0.40909	21	2	13	0
20	SP	1	0.73556	0.27827	21	1	21	1
21	SP	0	1.28333	0.41449	21	2	0	0
22	SP	0.4285714286	1.34556	0.48179	21	2	9	0
23	SP	0.7142857143	0.89667	0.40072	21	2	15	1
24	SP	0.8571428571	0.86333	0.34786	21	2	18	0
25	SP	0.8571428571	0.94778	0.56573	21	1	18	1
26	SP	0.4285714286	1.06778	0.60801	21	1	9	1
27	SP	1	0.94222	0.56353	21	2	21	2
28	SP	0.5238095238	1.01778	0.35292	21	2	11	0
29	SP	0.7142857143	0.90889	0.44508	21	2	15	0
30	SP	0.6818181818	0.95222	0.49661	22	1	15	0
31	SP	0.4545454545	1.12111	0.43321	22	2	10	0
32	SP	0.5909090909	0.90556	0.53227	22	2	13	0
33	SP	0.4545454545	1.14556	0.45117	22	2	10	0
34	SP	0.4090909091	1.05889	0.55391	22	2	9	0
35	SP	0.4545454545	0.99333	0.34904	22	2	10	0
36	SP	0.5454545455	1.17778	0.59659	22	4	12	3
37	SP	0	1.23111	0.55867	22	2	0	0
38	SP	0.6818181818	0.84	0.36028	22	2	15	0
39	SP	0.5454545455	0.93111	0.49734	22	1	12	1
40	SP	0.7727272727	1.01333	0.46113	22	2	17	0
41	SP	0	1.08111	0.50073	22	2	0	0
42	SP	0.5909090909	0.90889	0.4579	22	2	13	0
43	SP	0	1.20778	0.26774	22	2	0	0
44	SP	0.6086956522	1.14778	0.66699	23	2	14	0
45	SP	0.6956521739	0.87889	0.48189	23	2	16	2
46	SP	0.652173913	1.10222	0.3026	23	2	15	2
47	SP	0.6956521739	0.85222	0.3796	23	2	16	0
48	SP	1	1.02889	0.54843	23	3	23	3
49	SP	0.5217391304	0.97222	0.58841	23	2	12	0
50	SP	0.9130434783	0.89333	0.71607	23	3	21	3
51	SP	0.4347826087	1.15778	0.42645	23	1	10	0
52	SP	0.5652173913	0.99444	0.55067	23	2	13	0
53	SP	0.6956521739	0.99556	0.34218	23	1	16	0
54	SP	0.5217391304	0.95333	0.55722	23	1	12	1
55	SP	0.652173913	0.97778	0.43092	23	2	15	2
56	SP	0.9130434783	1.11667	0.48194	23	2	21	2
57	SP	0.7083333333	0.87444	0.79495	24	2	17	2
58	SP	0.5833333333	0.85222	0.48527	24	1	14	1
59	SP	0.5	1.04222	0.4803	24	2	12	2
60	SP	0.625	0.99556	0.4515	24	2	15	2
61	SP	0.7083333333	1.05556	0.38374	24	1	17	1
62	SP	0.44	1.09	0.48022	25	2	11	1
63	SP	0.44	1.14444	0.4191	25	2	11	0
64	SP	0.52	0.98667	0.33922	25	2	13	1
65	SP	0.48	0.91556	0.50728	25	2	12	0
66	SP	0	1.00444	0.51306	25	2	0	0
67	SP	0.48	0.86667	0.46198	25	2	12	0
68	SP	0.4	1.07222	0.42021	25	2	10	2
69	SP	0.56	0.88	0.39291	25	2	14	2
70	SP	0.68	0.77667	0.56434	25	2	17	2
71	SP	1	1.03111	0.63209	25	2	25	2
72	SP	0.5	0.81222	0.45423	26	3	13	3
73	SP	0.8461538462	0.84667	0.46359	26	2	22	2
74	SP	0.6538461538	1.10333	0.43555	26	2	17	0
75	SP	0.4230769231	0.78778	0.49787	26	2	11	0
76	SP	0	1.55778	0.5455	26	2	0	0
77	SP	0.7307692308	0.96	0.53523	26	1	19	-1
78	SP	0.7037037037	1.15222	0.63825	27	1	19	1
79	SP	0.6666666667	0.95111	0.46359	27	2	18	0
80	SP	0.8148148148	0.87889	0.33346	27	3	22	2
81	SP	0	1.14778	0.56665	27	1	0	0
82	SP	0.4285714286	0.96	0.49571	28	3	12	0
83	SP	0.8928571429	0.98667	0.56713	28	2	25	1
84	SP	0	1.27556	0.48351	28	3	0	0
85	SP	0.7586206897	0.99111	0.42729	29	3	22	2
86	SP	0.5862068966	0.97333	0.58821	29	2	17	2
87	SP	0.3	1.09778	0.38074	30	3	9	0
88	SP	0.4333333333	1.44333	0.37956	30	3	13	2
89	SP	0	1.21111	0.52471	30	3	0	0
90	SP	0.53125	0.71222	0.50059	32	3	17	0
91	SP	0.5151515152	0.87444	0.56289	33	5	17	2
92	SP	0.6666666667	1.48	0.55706	33	3	22	3
93	SP	0.4545454545	1.05778	0.54646	33	1	15	0
94	SP	0.3823529412	1.21333	0.41229	34	1	13	1
95	SP	0.3611111111	1.08667	0.45506	36	1	13	0
96	SP	0	-0.21444	0.23607	12	-2	0	0
97	SP	0	1.42778	0.39323	13	0	0	0
98	SP	0.9230769231	1.15556	0.16966	13	-1	12	-1
99	SP	0	1.45556	0.3219	14	0	0	0
100	SP	0	0.91889	0.17063	14	1	0	0
101	SP	0	1.42111	0.38452	14	-1	0	0
102	SP	0.6428571429	1.26778	0.45402	14	2	9	0
103	SP	1	1.38778	0.50906	17	1	17	1
104	SP	1	1.23333	0.54971	18	-2	18	-2
105	SP	0.9444444444	1.38778	0.57471	18	1	17	1
106	SP	0.6315789474	1.02111	0.30206	19	2	12	0
107	SP	0.6842105263	1.39667	0.67406	19	0	13	0
108	SP	0.5263157895	1.27556	0.58731	19	2	10	1
109	SP	0.5	1.31444	0.35855	20	1	10	0
110	SP	0.6	1.11556	0.4418	20	1	12	1
111	SP	0.45	1.53222	0.39077	20	-1	9	-1
112	SP	0.4761904762	1.15667	0.39398	21	1	10	0
113	SP	0	1.36778	0.28273	21	2	0	0
114	SP	0.6363636364	1.45778	0.47667	22	1	14	0
115	SP	0	1.25444	0.46303	22	1	0	0
116	SP	0.4347826087	1.27778	0.4829	23	1	10	0
117	SP	0	1.19	0.37448	23	1	0	0
118	SP	0	1.34889	0.4598	24	1	0	0
119	SP	0.875	1.14444	0.38961	24	0	21	0
120	SP	0.52	1.36556	0.58139	25	1	13	1
121	SP	0.68	0.84333	0.33351	25	1	17	0
122	SP	0.36	1.49	0.48039	25	0	9	-1
123	SP	0.68	1.07556	0.51527	25	1	17	-1
124	SP	0.68	1.06	0.7053	25	2	17	2
125	SP	0	1.39778	0.33035	25	1	0	0
126	SP	0	1.36222	0.37041	25	-1	0	0
127	SP	0.92	1.47111	0.71674	25	2	23	2
128	SP	0.8	1.20111	0.58041	25	2	20	0
129	SP	0.3846153846	1.09111	0.61425	26	3	10	0
130	SP	0.6923076923	1.26222	0.38041	26	2	18	1
131	SP	1	0.88778	0.46843	26	2	26	2
132	SP	0	1.38444	0.4511	27	2	0	0
133	SP	0.7407407407	1.34889	0.59259	27	2	20	3
134	SP	0.4074074074	1.19	0.51199	27	2	11	1
135	SP	0.4814814815	1.50444	0.55688	27	0	13	1
136	SP	0.5185185185	1.34222	0.36888	27	1	14	-1
137	SP	0.4444444444	1.24222	0.57033	27	2	12	2
138	SP	0.8148148148	1.43222	0.52363	27	0	22	0
139	SP	1	0.56556	0.36683	27	3	27	3
140	SP	0.3703703704	1.53778	0.43719	27	1	10	0
141	SP	0.4444444444	1.36444	0.42847	27	1	12	0
142	SP	1	0.98889	0.63069	27	2	27	2
143	SP	0.75	1.40889	0.54663	28	0	21	1
144	SP	0.5	1.45444	0.54261	28	-1	14	0
145	SP	0.75	1.32556	0.50385	28	0	21	0
146	SP	0.8214285714	1.55333	0.38792	28	2	23	2
147	SP	0.3571428571	1.51111	0.33564	28	0	10	-1
148	SP	0.8214285714	1.28111	0.42843	28	1	23	0
149	SP	0.6551724138	1.02778	0.46592	29	2	19	1
150	SP	0.5862068966	1.13	0.51461	29	1	17	0
151	SP	0.724137931	1.18778	0.71019	29	4	21	4
152	SP	0.4137931034	1.28333	0.50146	29	2	12	0
153	SP	0.4666666667	1.34444	0.56374	30	7	14	2
154	SP	0.3333333333	1.23778	0.58328	30	1	10	0
155	SP	0.9333333333	1.38222	0.53035	30	4	28	3
156	SP	0.5333333333	1.06111	0.33368	30	2	16	0
157	SP	0.5666666667	1.48667	0.52701	30	3	17	3
158	SP	1	0.93333	0.64239	31	1	31	1
159	SP	1	1.32889	0.60126	31	0	31	0
160	SP	0	1.7	0.4377	31	2	0	0
161	SP	0.5	0.76	0.48816	32	2	16	1
162	SP	0.375	1.43333	0.51296	32	1	12	2
163	SP	0.625	1.59111	0.46588	32	5	20	4
164	SP	0.75	1.06778	0.64658	32	3	24	2
165	SP	0.53125	1.33889	0.65354	32	2	17	1
166	SP	0.6875	1.20889	0.3486	32	3	22	1
167	SP	0.8484848485	1.32333	0.64398	33	2	28	1
168	SP	0.9090909091	1.01889	0.41458	33	6	30	5
169	SP	0.696969697	1.30667	0.69729	33	1	23	1
170	SP	0.5757575758	1.26	0.49321	33	2	19	0
171	SP	0	1.33444	0.37015	33	3	0	0
172	SP	0.7575757576	1.47444	0.6623	33	1	25	1
173	SP	0.4848484848	0.91667	0.57115	33	4	16	0
174	SP	0.7878787879	1.32	0.41923	33	3	26	2
175	SP	0	1.06444	0.61197	33	4	0	0
176	SP	0.3333333333	1.49	0.47888	33	3	11	0
177	SP	0.7878787879	1.52222	0.61471	33	2	26	3
178	SP	0.3333333333	1.37333	0.41561	33	3	11	0
179	SP	0.303030303	1.06778	0.70453	33	2	10	0
180	SP	0.2727272727	1.30222	0.44322	33	2	9	0
181	SP	0.5151515152	0.87444	0.56289	33	5	17	2
182	SP	0.5757575758	1.65778	0.47346	33	0	19	-2
183	SP	0.7575757576	1.35778	0.49164	33	1	25	1
184	SP	0.6363636364	0.88556	0.48982	33	1	21	2
185	SP	0.5151515152	1.28556	0.40756	33	3	17	1
186	SP	0.9393939394	1.39	0.73936	33	3	31	3
187	SP	0.7878787879	1.52556	0.65239	33	1	26	1
188	SP	0.2727272727	1.28556	0.52564	33	3	9	1
189	SP	0.9090909091	1.59111	0.56462	33	5	30	5
190	SP	0.7878787879	1.23667	0.4952	33	5	26	3
191	SP	0	1.16778	0.37607	33	1	0	0
192	SP	0.6666666667	1.36667	0.60493	33	2	22	1
193	SP	0	1.30889	0.35925	33	0	0	0
194	SP	0.3636363636	1.48	0.46269	33	2	12	0
195	SP	0.7878787879	1.29	0.47968	33	4	26	3
196	SP	0.8235294118	1.43889	0.38764	34	5	28	5
197	SP	0.5	1.21333	0.50668	34	4	17	0
198	SP	0.9411764706	1.18444	0.68784	34	3	32	3
199	SP	0.5428571429	1.24333	0.5539	35	1	19	0
200	SP	0.2571428571	1.45444	0.65623	35	5	9	2
201	SP	0.7714285714	1.38333	0.59087	35	3	27	3
202	SP	0.4571428571	1.23333	0.53731	35	-1	16	0
203	SP	0.3055555556	1.67	0.5679	36	2	11	0
204	SP	0.5833333333	1.40333	0.74224	36	3	21	2
205	SP	0.3611111111	1.08667	0.45506	36	1	13	0
206	SP	0.7567567568	0.97111	0.63243	37	2	28	2
207	SP	0.6756756757	1.57333	0.38607	37	5	25	3
208	SP	0.9459459459	0.85556	0.59224	37	5	35	5
209	SP	0.5405405405	1.21333	0.46797	37	4	20	0
210	SP	0	0.85	0.52658	37	-2	0	0
211	SP	0.7027027027	0.70556	0.75264	37	4	26	4
212	SP	1	0.97778	0.55974	37	4	37	4
213	SP	0.6756756757	1.04556	0.58065	37	5	25	2
214	SP	0.8918918919	0.80667	0.49251	37	1	33	2
215	SP	0.4054054054	0.86	0.55602	37	5	15	0
216	SP	0.2432432432	1.67889	0.49303	37	1	9	1
217	SP	0.5945945946	0.88	0.40397	37	5	22	1
218	SP	0.2702702703	0.87778	0.66572	37	2	10	0
219	SP	0.3243243243	1.45333	0.54255	37	0	12	0
220	SP	0.7297297297	1.07333	0.45918	37	4	27	2
221	SP	0.8648648649	0.83556	0.62014	37	4	32	3
222	SP	0.6756756757	0.86	0.47668	37	2	25	0
223	SP	0.8378378378	1.22889	0.52211	37	0	31	0
224	SP	0.7567567568	1.39111	0.46513	37	2	28	1
225	SP	0.2702702703	1.03111	0.40753	37	5	10	0
226	SP	0.5526315789	1.01	0.51005	38	6	21	1
227	SP	0.2368421053	0.88333	0.53028	38	8	9	0
228	SP	0.5	1.11	0.55875	38	2	19	-1
229	SP	0.3684210526	1.33889	0.50263	38	5	14	0
230	SP	0.4871794872	0.88778	0.58832	39	4	19	2
231	SP	0.641025641	1.59111	0.39517	39	2	25	2
232	SP	0.4358974359	0.95889	0.54612	39	2	17	0
233	SP	0	1.25889	0.59907	39	1	0	0
234	SP	0.6153846154	0.75333	0.50651	39	3	24	0
235	SP	0.6666666667	0.76	0.40776	39	4	26	0
236	SP	0.8461538462	0.88667	0.43822	39	3	33	4
237	SP	0.575	1.40556	0.48463	40	1	23	0
238	SP	0.6	1.48667	0.56836	40	4	24	4
239	SP	0.8536585366	1.19667	0.64002	41	4	35	3
240	SP	0.3170731707	0.88222	0.44034	41	7	13	0
241	SP	0.5365853659	1.16222	0.72296	41	1	22	2
242	SP	0.756097561	1.50222	0.45159	41	1	31	1
243	SP	0.5714285714	0.96222	0.56049	42	0	24	2
244	SP	0.7142857143	0.94556	0.43733	42	2	30	3
245	SP	0.2142857143	1.37778	0.46472	42	3	9	0
246	SP	0.9761904762	0.81444	0.58895	42	3	41	3
247	SP	0.7857142857	0.95111	0.49471	42	2	33	2
248	SP	0.619047619	0.76444	0.27253	42	5	26	2
249	SP	0.2857142857	0.87889	0.57917	42	5	12	0
250	SP	0	1.08333	0.48129	43	4	0	0
251	SP	0	1.08	0.48374	43	5	0	0
252	SP	0.8139534884	0.92111	0.65841	43	3	35	3
253	SP	0.3488372093	1.09	0.49747	43	5	15	2
254	SP	0.3953488372	0.95778	0.44995	43	6	17	2
255	SP	0.3488372093	1.42333	0.49002	43	5	15	-2
256	SP	0.511627907	1.26667	0.54435	43	-1	22	-2
257	SP	0.3953488372	0.67222	0.49232	43	2	17	1
258	SP	0.488372093	0.95	0.56673	43	6	21	2
259	SP	0.4	0.71	0.45633	45	4	18	0
260	SP	0.4130434783	1.31222	0.46172	46	2	19	0
261	SP	0.2608695652	1.21556	0.41517	46	3	12	-1
262	SP	0.4130434783	0.80667	0.54024	46	7	19	1
263	SP	0.7608695652	1.00333	0.63214	46	2	35	3
264	SP	0.3043478261	1.20222	0.57063	46	4	14	2
265	SP	0.652173913	0.79889	0.58492	46	6	30	3
266	SP	0.9130434783	1.45556	0.54167	46	2	42	2
267	SP	0	1.62778	0.52043	46	7	0	0
268	SP	0.5434782609	1.51111	0.45355	46	1	25	2
269	SP	0.5531914894	0.86333	0.60459	47	4	26	2
270	SP	0.6382978723	0.98778	0.63777	47	5	30	4
271	SP	0.2978723404	1.25667	0.64139	47	6	14	1
272	SP	0.2765957447	1.68444	0.74223	47	0	13	-1
273	SP	0.7	1.40111	0.63323	50	0	35	0
274	SP	0.5294117647	1.40444	0.66977	51	2	27	2
275	SP	0.679245283	1.10667	0.57083	53	5	36	4
276	SP	0.358490566	0.88333	0.66926	53	4	19	3
277	SP	0.5185185185	1.03	0.63077	54	5	28	4
278	SP	0.4	1.43889	0.42229	55	8	22	-1
279	SP	0.4909090909	1.47222	0.62804	55	4	27	4
280	SP	0.6909090909	1.06222	0.79259	55	6	38	3
281	SP	0.6	1.36333	0.52562	55	5	33	4
282	SP	0.3818181818	1.36	0.50097	55	8	21	0
283	SP	0.8	1.23111	0.49208	55	6	44	7
284	SP	0.6363636364	1.15222	0.79259	55	7	35	6
285	SP	0.5	1.48222	0.54718	56	6	28	2
286	SP	0.6071428571	0.82556	0.79359	56	0	34	-2
287	SP	0.3392857143	0.98444	0.61347	56	9	19	3
288	SP	0.4821428571	1.08333	0.52011	56	5	27	1
289	SP	0.5964912281	1.06667	0.77283	57	8	34	5
290	SP	0.8245614035	0.75	0.43104	57	3	47	3
291	SP	0.6842105263	1.16778	0.78569	57	7	39	4
292	SP	0.3220338983	1.15444	0.40567	59	5	19	0
293	SP	0.3846153846	1.48444	0.55142	65	4	25	1
294	SP	0.7611940299	1.35333	0.55717	67	8	51	4
295	SP	0.4125	1.47222	0.59195	80	1	33	1
296	SP	0.4166666667	0.83111	0.46476	24	2	10	1
297	SP	0.3513513514	1.02667	0.51736	37	-1	13	0
298	SP	0.7407407407	1.12556	0.48265	27	0	20	-1
299	SP	0.1724137931	1.02889	0.58029	58	-2	10	0
300	SP	0.3428571429	1.17222	0.52072	35	0	12	1
301	SP	0.3076923077	1.00444	0.3625	39	1	12	0
302	SP	0.4615384615	1.02778	0.5615	65	4	30	0
303	SP	0.5294117647	0.89889	0.32548	17	0	9	0
304	SP	0.7142857143	0.82222	0.55899	35	2	25	2
305	SP	0.5294117647	0.82333	0.59572	34	4	18	1
306	SP	0.7333333333	0.69222	0.26372	15	0	11	0
307	SP	0.9230769231	0.84	0.42683	26	1	24	0
308	SP	0.3684210526	0.94222	0.40609	38	-3	14	0
309	SP	0.7666666667	0.91778	0.41524	30	0	23	2
310	SP	0.325	1.04667	0.45716	40	0	13	2
311	SP	0.3823529412	1.13667	0.60312	34	2	13	0
312	SP	0.7166666667	1.05333	0.53529	60	4	43	3
313	SP	0.6315789474	0.64111	0.36501	19	0	12	0
314	SP	0.6470588235	0.96222	0.45973	34	0	22	1
315	SP	0.8461538462	0.84	0.39313	26	1	22	0
316	SP	0.71875	0.91778	0.47608	32	2	23	3
317	SP	0	0.95	0.52123	44	2	0	0
318	SP	0.8541666667	1.31333	0.68282	48	-2	41	-2
319	SP	0.6222222222	1.00444	0.48835	45	3	28	1
320	SP	0.6229508197	1.18667	0.74976	61	-1	38	4
321	SP	0.3529411765	0.88889	0.46229	34	3	12	0
322	SP	0.9	0.69333	0.70147	30	1	27	2
323	SP	0.6086956522	0.78667	0.57896	46	0	28	2
324	SP	0.6956521739	1.07222	0.56757	46	-1	32	0
325	SP	0.5106382979	0.96556	0.59537	47	1	24	1
326	SP	0.4047619048	1.03667	0.65886	42	0	17	1
327	SP	0	1.00556	0.482	33	1	0	0
328	SP	0.6226415094	1.22111	0.47524	53	0	33	-1
329	SP	0.9285714286	0.87111	0.54205	28	2	26	2
330	SP	0.7083333333	0.72	0.41582	24	3	17	2
331	SP	0.8333333333	0.62444	0.33814	18	0	15	0
332	SP	0.5681818182	1.01889	0.38834	44	0	25	0
333	SP	0.4838709677	0.94778	0.4493	31	1	15	0
334	SP	0.3142857143	1.34556	0.62799	35	1	11	0
335	SP	0	1.55	0.57862	20	1	0	0
336	SP	0.7391304348	0.94	0.42497	23	2	17	1
337	SP	0.6739130435	0.98889	0.57448	46	1	31	4
338	SP	0	0.94111	0.50048	22	0	0	0
339	SP	0.6666666667	1.03778	0.48318	36	3	24	0
340	SP	0.6666666667	1.04222	0.45079	36	1	24	1
341	SP	0.3611111111	1.14556	0.42603	36	0	13	1
342	SP	0.6896551724	1.03556	0.46557	29	3	20	0
343	SP	0.5588235294	1.23778	0.44721	34	0	19	-1
344	SP	0.8636363636	1.04667	0.59091	44	0	38	1
345	SP	0.4411764706	1.20889	0.64762	34	3	15	1
346	SP	0.4166666667	1.06	0.62057	24	3	10	1
347	SP	0.7096774194	1.28778	0.58169	31	0	22	0
348	SP	0.7037037037	0.80333	0.50665	27	2	19	2
349	SP	0.7575757576	0.91778	0.41524	33	-1	25	1
350	SP	0.4347826087	0.88778	0.33321	23	2	10	0
351	SP	0.6	0.88444	0.48069	25	1	15	0
352	SP	0.5882352941	0.44778	0.23503	17	3	10	1
353	"Class II
HA-RAMP"	0.9333333333	0.98222	0.69485	30	5	28	4
354	"Class II
HA-RAMP"	0.935483871	0.98222	0.69485	31	5	29	4
355	"Class II
HA-RAMP"	1	0.66	0.73459	32	2	32	2
356	"Class II
HA-RAMP"	1	0.84667	0.6744	19	1	19	1
357	"Class II
HA-RAMP"	1	0.89667	0.72508	26	2	26	2
358	"Class II
HA-RAMP"	1	1.20222	0.61677	19	1	19	1
359	"Class II
HA-RAMP"	0.9523809524	1.07444	0.70867	21	1	20	1
360	"Class II
HA-RAMP"	0	1.78889	0.45566	24	4	0	0
361	"Class II
HA-RAMP"	1	0.89667	0.72508	23	2	23	2
362	"Class II
HA-RAMP"	0.9545454545	0.65222	0.74487	22	3	21	3
363	"Class II
HA-RAMP"	0.8148148148	0.81111	0.70179	27	2	22	2
364	"Class II
HA-RAMP"	0.8148148148	0.74778	0.74161	27	3	22	3
365	"Class II
HA-RAMP"	0.8518518519	0.74333	0.74487	27	3	23	2
366	"Class II
HA-RAMP"	0.8518518519	0.74333	0.74451	27	3	23	2
367	"Class II
HA-RAMP"	0.8	1.02889	0.74401	20	1	16	1
368	"Class II
HA-RAMP"	0.9	1.06111	0.76611	20	2	18	1
369	"Class II
HA-RAMP"	0.7	1.11778	0.76611	20	2	14	1
370	"Class II
HA-RAMP"	0.8	0.90222	0.74401	20	2	16	2
371	"Class II
HA-RAMP"	0.8	1.11778	0.70258	20	-3	16	-3
372	"Class II
HA-RAMP"	0.9	1.11333	0.61724	20	0	18	1
373	"Class II
HA-RAMP"	0.7	1.11778	0.62327	20	0	14	1
374	"Class II
HA-RAMP"	0.9	1.11778	0.74443	20	1	18	1
375	"Class II
HA-RAMP"	0.9	1.11778	0.76611	20	2	18	1
376	"Class II
HA-RAMP"	0.7	1.11778	0.76611	20	2	14	1
377	"Class II
HA-RAMP"	0.9	1.10667	0.74443	20	1	18	1
378	"Class II
HA-RAMP"	0.7	1.11778	0.76625	20	1	14	0
379	"Class II
HA-RAMP"	0.7	1.11778	0.73342	20	1	14	1
380	"Class II
HA-RAMP"	0.9	1.11333	0.76611	20	2	18	1
381	"Class II
HA-RAMP"	0.7	1.11778	0.75523	20	2	14	1
382	"Class II
HA-RAMP"	0.9512195122	0.98222	0.683	41	3	39	2
383	"Class II
HA-RAMP"	0.9512195122	0.94444	0.59809	41	3	39	2
384	"Class II
HA-RAMP"	0.6046511628	1.01444	0.6437	43	2	26	0
385	"Class II
HA-RAMP"	0.7674418605	0.80889	0.59809	43	3	33	0
386	"Class II
HA-RAMP"	0.7857142857	0.80889	0.59809	42	3	33	0
387	"Class II
HA-RAMP"	0.9512195122	0.98222	0.683	41	3	39	2
388	"Class II
HA-RAMP"	0.6046511628	1.01444	0.6437	43	2	26	0
389	"Class II
HA-RAMP"	1	0.68667	0.77024	14	1	14	1
390	"Class II
HA-RAMP"	1	0.67556	0.72379	14	1	14	1
391	"Class II
HA-RAMP"	1	1.18444	0.66618	12	1	12	1
392	"Class II
HA-RAMP"	0.9166666667	1.11444	0.72407	24	1	22	1
393	"Class II
HA-RAMP"	0.8846153846	1.12556	0.4714	26	4	23	2
394	"Class II
HA-RAMP"	1	1.09111	0.73126	25	5	25	5
395	"Class II
HA-RAMP"	0.875	0.82333	0.79695	24	2	21	1
396	"Class II
HA-RAMP"	1	0.73667	0.58497	24	2	24	2
397	"Class II
HA-RAMP"	0.8571428571	0.98444	0.70139	21	2	18	2
398	"Class II
HA-RAMP"	0.8846153846	1.12556	0.4714	26	4	23	2
399	"Class II
HA-RAMP"	0.76	0.81889	0.67723	25	4	19	2
400	"Class II
HA-RAMP"	0.7916666667	1.11222	0.64205	24	4	19	4
401	"Class II
HA-RAMP"	1	1.07556	0.66915	12	1	12	1
402	"Class II
HA-RAMP"	1	0.98444	0.73066	13	1	13	1
403	"Class II
HA-RAMP"	1	0.97333	0.73066	13	1	13	1
404	"Class II
HA-RAMP"	1	1.04667	0.74383	13	1	13	1
405	"Class II
HA-RAMP"	0.7142857143	1.27889	0.69477	14	1	10	1
406	"Class II
HA-RAMP"	0.76	0.80889	0.67723	25	4	19	2
407	"Class II
HA-RAMP"	0.76	0.75444	0.67723	25	4	19	2
408	"Class II
HA-RAMP"	0.95	1.08889	0.78569	20	3	19	3
409	"Class II
HA-RAMP"	0.5454545455	0.75444	0.72594	33	3	18	1
410	"Class II
HA-RAMP"	0.7894736842	0.63778	0.71698	19	3	15	3
411	"Class II
HA-RAMP"	0.4545454545	1.39222	0.41246	22	2	10	0
412	"Class II
HA-RAMP"	1	0.71667	0.84487	13	0	13	0
413	"Class II
HA-RAMP"	1	0.67889	0.76921	16	1	16	1
414	"Class II
HA-RAMP"	1	0.68889	0.7707	16	1	16	1
415	"Class II
HA-RAMP"	1	0.67889	0.7825	17	1	17	1
416	"Class II
HA-RAMP"	0.8	0.95222	0.72625	25	2	20	1
417	"Class II
HA-RAMP"	1	0.68889	0.7707	16	1	16	1
418	"Class II
HA-RAMP"	1	0.61	0.67984	14	1	14	1
419	"Class II
HA-RAMP"	1	0.68889	0.7707	16	1	16	1
420	"Class II
HA-RAMP"	1	0.61556	0.6901	14	1	14	1
421	"Class II
HA-RAMP"	1	0.74556	0.70783	16	1	16	1
422	"Class II
HA-RAMP"	1	0.92444	0.879	13	0	13	0
423	"Class II
HA-RAMP"	1	0.86111	0.8495	13	0	13	0
424	"Class II
HA-RAMP"	0.92	1.10556	0.58859	25	1	23	0
425	"Class II
HA-RAMP"	0.92	1.12222	0.63971	25	1	23	0
426	"Class II
HA-RAMP"	0.92	1.15889	0.63971	25	1	23	0
427	"Class II
HA-RAMP"	0.92	1.12222	0.64759	25	2	23	1
428	"Class II
HA-RAMP"	0.9583333333	1.15889	0.64759	24	2	23	2
429	"Class II
HA-RAMP"	0.92	1.10556	0.64853	25	1	23	0
430	"Class II
HA-RAMP"	0.92	1.10556	0.56854	25	1	23	0
431	"Class II
HA-RAMP"	0.92	1.05778	0.64759	25	2	23	1
432	"Class II
HA-RAMP"	0.92	1.10556	0.58859	25	0	23	0
433	"Class II
HA-RAMP"	0.9583333333	1.05778	0.64759	24	2	23	2
434	"Class II
HA-RAMP"	0.9583333333	1.10556	0.56854	24	1	23	1
435	"Class II
HA-RAMP"	0.8846153846	0.92556	0.58859	26	1	23	1
436	"Class II
HA-RAMP"	0.56	1.00444	0.63694	25	1	14	2
437	"Class II
HA-RAMP"	0.92	1.10556	0.62081	25	0	23	0
438	"Class II
HA-RAMP"	0.5416666667	1.15778	0.54348	24	2	13	0
439	"Class II
HA-RAMP"	0.5416666667	1.14	0.68011	24	4	13	2
440	"Class II
HA-RAMP"	0.75	0.99333	0.82533	24	4	18	3
441	"Class II
HA-RAMP"	0.75	0.99333	0.75019	24	4	18	3
442	"Class II
HA-RAMP"	0.9583333333	0.99222	0.81656	24	4	23	4
443	"Class II
HA-RAMP"	0.9583333333	0.92778	0.76768	24	4	23	4
444	"Class II
HA-RAMP"	0.9583333333	0.93222	0.75827	24	4	23	4
445	"Class II
HA-RAMP"	0	0.24	0.40949	32	5	0	0
446	"Class II
HA-RAMP"	0	-0.03889	0.40419	14	4	0	0
447	"Class II
HA-RAMP"	0	0.05556	0.52596	30	2	0	0
448	"Class II
HA-RAMP"	0	-0.03889	0.40419	24	3	0	0
449	"Class II
HA-RAMP"	0	0.24	0.56022	38	3	0	0
450	"Class II
HA-RAMP"	0.4473684211	0.60111	0.43382	38	1	17	-2
451	"Class II
HA-RAMP"	0	0.01667	0.40949	24	5	0	0
452	"Class II
HA-RAMP"	0	-0.03889	0.35567	12	2	0	0
453	"Class II
HA-RAMP"	0.6296296296	0.60111	0.43382	27	0	17	-2
454	"Class II
HA-RAMP"	0	0.24	0.40419	21	3	0	0
455	"Class II
HA-RAMP"	0	0.01667	0.40949	25	6	0	0
456	"Class II
HA-RAMP"	0	-0.03889	0.40419	13	3	0	0
457	"Class II
HA-RAMP"	1	1.17222	0.6215	20	2	20	2
458	"Class II
HA-RAMP"	1	1.10111	0.60217	20	1	20	1
459	"Class II
HA-RAMP"	1	1.10111	0.56153	19	1	19	1
460	"Class II
HA-RAMP"	1	1.10111	0.56153	20	0	20	0
461	"Class II
HA-RAMP"	1	1.10111	0.56153	19	1	19	1
462	"Class II
HA-RAMP"	1	0.99889	0.58811	18	1	18	1
463	"Class II
HA-RAMP"	1	1.10111	0.60217	19	1	19	1
464	"Class II
HA-RAMP"	0.6666666667	1.21778	0.51559	18	1	12	0
465	"Class II
HA-RAMP"	1	1.17222	0.6215	19	2	19	2
466	"Class II
HA-RAMP"	1	1.20222	0.61677	19	1	19	1
467	"Class II
HA-RAMP"	0.8260869565	1.14111	0.69744	23	4	19	4
468	"Class II
HA-RAMP"	0.7	1.24111	0.63261	20	3	14	2
469	"Class II
HA-RAMP"	0.7	1.30556	0.63971	20	3	14	2
470	"Class II
HA-RAMP"	0.7	1.29444	0.73554	20	3	14	2
471	"Class II
HA-RAMP"	0.7916666667	1.13667	0.67055	24	4	19	4
472	"Class II
HA-RAMP"	0.9583333333	1.16222	0.57496	24	3	23	3
473	"Class II
HA-RAMP"	0.9583333333	1.16222	0.65259	24	4	23	4
474	"Class II
HA-RAMP"	0.7916666667	1.01778	0.62	24	4	19	4
475	"Class II
HA-RAMP"	0.85	1.18889	0.70895	20	3	17	3
476	"Class II
HA-RAMP"	0	0.97222	0.64423	17	4	0	0
477	"Class II
HA-RAMP"	0.7916666667	1.12667	0.48582	24	3	19	3
478	"Class II
HA-RAMP"	0.7916666667	1.13667	0.48582	24	3	19	3
479	"Class II
HA-RAMP"	0.7916666667	1.16222	0.66152	24	4	19	4
480	"Class II
HA-RAMP"	0.9583333333	1.16222	0.66152	24	4	23	4
481	"Class II
HA-RAMP"	0.7916666667	1.16222	0.66152	24	4	19	4
482	"Class II
HA-RAMP"	0.9583333333	1.16222	0.66152	24	4	23	4
483	"Class II
HA-RAMP"	0.9583333333	1.26333	0.66152	24	4	23	4
484	"Class II
HA-RAMP"	0.7916666667	1.16222	0.61848	24	3	19	3
485	"Class II
HA-RAMP"	0.7916666667	1.10889	0.67055	24	4	19	4
486	"Class II
HA-RAMP"	0.7916666667	1.06778	0.70115	24	4	19	4
487	"Class II
HA-RAMP"	0.7916666667	1.06778	0.65803	24	3	19	3
488	"Class II
HA-RAMP"	0.7916666667	1.10889	0.67055	24	4	19	4
489	"Class II
HA-RAMP"	0.7916666667	1.14111	0.57031	24	3	19	3
490	"Class II
HA-RAMP"	0.7916666667	1.06111	0.68304	24	4	19	4
491	"Class II
HA-RAMP"	0.7916666667	1.11	0.55057	24	4	19	4
492	"Class II
HA-RAMP"	0.7916666667	1.11	0.54065	24	4	19	4
493	"Class II
HA-RAMP"	0.7916666667	1.11	0.55246	24	3	19	3
494	"Class II
HA-RAMP"	0.9583333333	1.14667	0.64387	24	4	23	4
495	"Class II
HA-RAMP"	0.7916666667	0.95	0.40497	24	1	19	1
496	"Class II
HA-RAMP"	0.7916666667	1.10333	0.68938	24	4	19	4
497	"Class II
HA-RAMP"	0.7916666667	1.10333	0.69878	24	4	19	4
498	"Class II
HA-RAMP"	0.7647058824	1.40778	0.81734	17	1	13	1
499	"Class II
HA-RAMP"	0.8823529412	1.09	0.52143	17	2	15	1
500	"Class II
HA-RAMP"	0.8823529412	1.12889	0.50572	17	2	15	1
501	"Class II
HA-RAMP"	0.7916666667	1.10333	0.68938	24	4	19	4
502	"Class II
HA-RAMP"	0.7916666667	1.11444	0.6021	24	4	19	4
503	"Class II
HA-RAMP"	1	0.94222	0.66813	22	2	22	2
504	"Class II
HA-RAMP"	0.5416666667	0.99667	0.67988	24	4	13	2
505	"Class II
HA-RAMP"	0.9583333333	1.12	0.54306	24	3	23	3
506	"Class II
HA-RAMP"	0.9583333333	1.18444	0.62561	24	4	23	4
507	"Class II
HA-RAMP"	0.5416666667	0.97667	0.65156	24	4	13	2
508	"Class II
HA-RAMP"	0.8260869565	0.96444	0.68395	23	4	19	4
509	"Class II
HA-RAMP"	0.7368421053	1.30556	0.63971	19	3	14	2
510	"Class II
HA-RAMP"	0.8260869565	0.95444	0.68395	23	4	19	4
511	"Class II
HA-RAMP"	0.7916666667	1.16222	0.61848	24	3	19	3
512	"Class II
HA-RAMP"	0.7916666667	1.16222	0.66152	24	4	19	4
513	"Class II
HA-RAMP"	0.7916666667	1.05667	0.66325	24	3	19	3
514	"Class II
HA-RAMP"	0.9166666667	0.98222	0.81701	24	4	22	3
515	"Class II
HA-RAMP"	0.9583333333	1.16222	0.66152	24	4	23	4
516	"Class II
HA-RAMP"	0.7916666667	1.09889	0.66065	24	4	19	4
517	"Class II
HA-RAMP"	0.7916666667	1.15667	0.66152	24	4	19	4
518	"Class II
HA-RAMP"	0.7916666667	1.15111	0.61094	24	3	19	3
519	"Class II
HA-RAMP"	0.7916666667	0.97111	0.64902	24	4	19	4
520	"Class II
HA-RAMP"	0.7916666667	0.97111	0.67185	24	3	19	3
521	"Class II
HA-RAMP"	0.7916666667	1.11444	0.59187	24	4	19	4
522	"Class II
HA-RAMP"	0.7916666667	1.11444	0.59734	24	3	19	3
523	"Class II
HA-RAMP"	0.95	1.07333	0.56147	20	3	19	3
524	"Class II
HA-RAMP"	0.95	1.08333	0.56147	20	3	19	3
525	"Class II
HA-RAMP"	0.9166666667	1.07222	0.73135	24	4	22	3
526	"Class II
HA-RAMP"	0.9166666667	1.07222	0.73135	24	4	22	3
527	"Class II
HA-RAMP"	0.7	1.30556	0.63971	20	3	14	2
528	"Class II
HA-RAMP"	0.7916666667	0.95	0.40497	24	1	19	1
529	"Class II
HA-RAMP"	0.5833333333	1.17889	0.48594	24	3	14	3
530	"Class II
HA-RAMP"	0.5833333333	1.17889	0.48297	24	3	14	3
531	"Class II
HA-RAMP"	0.7916666667	1.13667	0.57271	24	4	19	4
532	"Class II
HA-RAMP"	0.5294117647	1.06111	0.51075	17	3	9	1
533	"Class II
HA-RAMP"	0.5416666667	1.00444	0.61544	24	3	13	2
534	"Class II
HA-RAMP"	0.7916666667	1.00556	0.42968	24	1	19	1
535	"Class II
HA-RAMP"	0.7916666667	0.74556	0.48727	24	0	19	1
536	"Class II
HA-RAMP"	0.7916666667	0.75222	0.47736	24	1	19	1
537	"Class II
HA-RAMP"	0.7916666667	1.00778	0.50711	24	2	19	2
538	"Class II
HA-RAMP"	0.7916666667	1.01889	0.4692	24	0	19	0
539	"Class II
HA-RAMP"	0.7916666667	0.97889	0.36855	24	1	19	0
540	"Class II
HA-RAMP"	0.7916666667	1.00778	0.4692	24	0	19	0
541	"Class II
HA-RAMP"	0	1.00778	0.41081	24	0	0	0
542	"Class II
HA-RAMP"	0.4166666667	1.18556	0.56246	24	2	10	0
543	"Class II
HA-RAMP"	0.8260869565	0.79667	0.42968	23	1	19	1
544	"Class II
HA-RAMP"	0.625	1.15111	0.69023	24	3	15	3
545	"Class II
HA-RAMP"	0.9583333333	1.08556	0.66413	24	4	23	4
546	"Class II
HA-RAMP"	0.7916666667	1.11	0.68395	24	4	19	4
547	"Class II
HA-RAMP"	0.9583333333	1.02889	0.68304	24	4	23	4
548	"Class II
HA-RAMP"	0.7916666667	1.06111	0.63021	24	4	19	4
549	"Class II
HA-RAMP"	0.5416666667	1.03	0.68411	24	3	13	0
550	"Class II
HA-RAMP"	0.5416666667	1.02889	0.68304	24	4	13	1
551	"Class II
HA-RAMP"	0.7916666667	1.05111	0.63021	24	4	19	4
552	"Class II
HA-RAMP"	0.7916666667	1.08778	0.65386	24	4	19	4
553	"Class II
HA-RAMP"	0.7368421053	0.95889	0.6541	19	3	14	3
554	"Class II
HA-RAMP"	0	1.23222	0.56804	17	3	0	0
555	"Class II
HA-RAMP"	0.9583333333	1.21889	0.61441	24	4	23	4
556	"Class II
HA-RAMP"	0.9583333333	1.27444	0.58616	24	4	23	4
557	"Class II
HA-RAMP"	0.9583333333	1.17333	0.58987	24	3	23	3
558	"Class II
HA-RAMP"	0.7916666667	1.11333	0.68304	24	4	19	4
559	"Class II
HA-RAMP"	0.7916666667	1.20444	0.57299	24	3	19	3
560	"Class II
HA-RAMP"	0.7916666667	1.06778	0.62484	24	4	19	4
561	"Class II
HA-RAMP"	0.4761904762	0.97222	0.52645	21	3	10	0
562	"Class II
HA-RAMP"	0.6666666667	1.07667	0.76012	21	2	14	1
563	"Class II
HA-RAMP"	0.6666666667	1.11778	0.76012	21	2	14	1
564	"Class II
HA-RAMP"	0.7	1.12889	0.75879	20	2	14	1
565	"Class II
HA-RAMP"	0.7	1.07667	0.75879	20	2	14	1
566	"Class II
HA-RAMP"	0.7	1.11778	0.75879	20	2	14	1
567	"Class II
HA-RAMP"	1	1.13778	0.63042	26	5	26	5
568	"Class II
HA-RAMP"	1	0.98778	0.7479	23	1	23	1
569	"Class II
HA-RAMP"	0.8260869565	1.01667	0.70989	23	1	19	1
570	"Class II
HA-RAMP"	1	0.98556	0.74983	23	1	23	1
571	"Class II
HA-RAMP"	0.8695652174	1.00556	0.76577	23	1	20	1
572	"Class II
HA-RAMP"	1	0.80444	0.67115	17	2	17	2
573	"Class II
HA-RAMP"	0.6666666667	1.19111	0.73163	33	1	22	2
574	"globular
AMP"	0.4137931034	1.23778	0.52747	29	2	12	-1
575	"globular
AMP"	0	1.13556	0.46027	31	0	0	0
576	"globular
AMP"	0	1.18111	0.4693	30	2	0	0
577	"globular
AMP"	0	0.91667	0.65327	37	-1	0	0
578	"globular
AMP"	0	1.18667	0.48648	30	2	0	0
579	"globular
AMP"	0.4242424242	0.97444	0.58467	33	-2	14	-2
580	"globular
AMP"	0	1.20111	0.3803	30	-1	0	0
581	"globular
AMP"	0	1.20111	0.36879	30	-1	0	0
582	"globular
AMP"	0	1.20111	0.3803	30	-1	0	0
583	"globular
AMP"	0	1.17667	0.58004	30	1	0	0
584	"globular
AMP"	0	1.18111	0.4693	30	2	0	0
585	"globular
AMP"	0	1.17	0.50702	30	1	0	0
586	"globular
AMP"	0	1.20333	0.43409	30	2	0	0
587	"globular
AMP"	0	1.23778	0.52747	30	2	0	0
588	"globular
AMP"	0	1.23778	0.51968	30	2	0	0
589	"globular
AMP"	0	0.89111	0.47374	30	2	0	0
590	"globular
AMP"	0	1.00222	0.48171	30	-2	0	0
591	"globular
AMP"	0	1.06333	0.41423	29	0	0	0
592	"globular
AMP"	0	0.95333	0.41423	29	1	0	0
593	"globular
AMP"	0	1.03	0.46245	30	0	0	0
594	"globular
AMP"	0	1.00222	0.47245	30	-1	0	0
595	"globular
AMP"	0	1.00222	0.47245	30	-1	0	0
596	"globular
AMP"	0	1.03778	0.41423	29	0	0	0
597	"globular
AMP"	0	1.00333	0.41423	29	0	0	0
598	"globular
AMP"	0	1.03222	0.41423	29	0	0	0
599	"globular
AMP"	0	0.90333	0.41369	29	2	0	0
600	"globular
AMP"	0	0.78	0.49153	31	3	0	0
601	"globular
AMP"	0	1.28	0.59023	31	1	0	0
602	"globular
AMP"	0	1.28	0.59023	31	1	0	0
603	"globular
AMP"	0	1.21556	0.54624	31	1	0	0
604	"globular
AMP"	0	1.17667	0.58004	31	2	0	0
605	"globular
AMP"	0	0.91333	0.4986	31	1	0	0
606	"globular
AMP"	0	1.21667	0.42159	28	0	0	0
607	"globular
AMP"	0.6	1.22556	0.43318	30	3	18	3
608	"globular
AMP"	0.4193548387	1.18667	0.48648	31	2	13	-1
609	"globular
AMP"	0.4193548387	1.25222	0.58055	31	2	13	-1
610	"globular
AMP"	0	1.21444	0.56623	30	-1	0	0
611	"globular
AMP"	0	1.24889	0.60131	30	0	0	0
612	"globular
AMP"	0	1.26	0.5915	30	0	0	0
613	"globular
AMP"	0	1.26	0.5915	31	1	0	0
614	"globular
AMP"	0.4827586207	1.23778	0.52747	29	2	14	0
615	"globular
AMP"	0.4642857143	0.90444	0.36898	28	1	13	-1
616	"globular
AMP"	0	0.73556	0.54468	27	3	0	0
617	"globular
AMP"	0	1.15	0.3708	31	2	0	0
618	"globular
AMP"	0	1.13556	0.46131	31	0	0	0
619	"globular
AMP"	0	1.03222	0.40478	29	0	0	0
620	"Class I
HA-RAMP"	1	0.58667	0.5756	23	3	23	3
621	"Class I
HA-RAMP"	1	0.58667	0.65341	23	3	23	3
622	"Class I
HA-RAMP"	1	0.74889	0.66519	37	2	37	2
623	"Class I
HA-RAMP"	1	0.63889	0.66519	37	2	37	2
624	"Class I
HA-RAMP"	1	0.60889	0.83544	37	6	37	6
625	"Class I
HA-RAMP"	1	0.64333	0.84362	35	7	35	7
626	"Class I
HA-RAMP"	1	0.70778	0.79767	35	7	35	7
627	"Class I
HA-RAMP"	0.9166666667	0.71444	0.66519	36	2	33	1
628	"Class I
HA-RAMP"	0.9166666667	0.65	0.70142	36	2	33	1
629	"Class I
HA-RAMP"	0.8461538462	0.66222	0.87655	39	5	33	4
630	"Class I
HA-RAMP"	0.8461538462	0.74444	0.87655	39	5	33	4
631	"Class I
HA-RAMP"	0.8461538462	0.79778	0.87819	39	5	33	4
632	"Class I
HA-RAMP"	0.8	0.67222	0.87266	40	3	32	3
633	"Class I
HA-RAMP"	0.8461538462	0.74889	0.7724	39	0	33	0
634	"Class I
HA-RAMP"	1	0.71889	0.83544	35	7	35	7
635	"Class I
HA-RAMP"	1	0.60222	0.84413	35	6	35	6
636	"Class I
HA-RAMP"	0.78125	0.59	0.76995	32	6	25	3
637	"Class I
HA-RAMP"	1	0.63667	0.79721	35	6	35	6
638	"Class I
HA-RAMP"	1	0.70778	0.79721	33	6	33	6
639	"Class I
HA-RAMP"	1	0.63667	0.79767	33	6	33	6
640	"Class I
HA-RAMP"	1	0.63444	0.80035	35	8	35	8
641	"Class I
HA-RAMP"	1	0.61889	0.73013	34	8	34	8
642	"Class I
HA-RAMP"	1	0.61889	0.80035	34	8	34	8
643	"Class I
HA-RAMP"	0.7948717949	0.67222	0.87655	39	5	31	5
644	"Class I
HA-RAMP"	0.935483871	0.79333	0.65892	31	5	29	4
645	"Class I
HA-RAMP"	1	0.65111	0.72654	38	5	38	5
646	"Class I
HA-RAMP"	0.9705882353	0.77778	0.86833	34	0	33	-1
647	"Class I
HA-RAMP"	0.85	0.66222	0.87655	40	5	34	5
648	"Class I
HA-RAMP"	0.8461538462	0.76444	0.86793	39	5	33	4
649	"Class I
HA-RAMP"	1	0.53333	0.7893	34	6	34	6
650	"Class I
HA-RAMP"	1	0.60222	0.79767	37	7	37	7
651	"Class I
HA-RAMP"	1	0.67333	0.79721	36	7	36	7
652	"Class I
HA-RAMP"	0.8461538462	0.39889	0.87655	39	5	33	4
653	"Class I
HA-RAMP"	1	0.79333	0.65892	30	6	30	6
654	"Class I
HA-RAMP"	0.9333333333	0.79333	0.69485	30	5	28	4
655	"Class I
HA-RAMP"	0.935483871	0.79333	0.69485	31	5	29	4
656	"Class I
HA-RAMP"	1	0.79333	0.65892	31	6	31	6
657	"Class I
HA-RAMP"	0.9230769231	0.65444	0.74834	39	7	36	6
658	"Class I
HA-RAMP"	1	0.62222	0.63355	25	2	25	2
659	"Class I
HA-RAMP"	1	0.67778	0.88379	28	4	28	4
660	"Class I
HA-RAMP"	0.9285714286	0.63778	0.88982	28	2	26	2
661	"Class I
HA-RAMP"	1	0.63667	0.9018	31	2	31	2
662	"Class I
HA-RAMP"	1	0.65222	0.81392	34	3	34	3
663	"Class I
HA-RAMP"	0.6923076923	0.69222	0.68676	26	2	18	3
664	"Class I
HA-RAMP"	0.7878787879	0.48333	0.52721	33	4	26	2
665	"Class I
HA-RAMP"	1	0.69444	0.80327	28	3	28	3
666	"Class I
HA-RAMP"	1	0.65222	0.81392	31	3	31	3
667	"Class I
HA-RAMP"	0.9333333333	0.67778	0.88379	30	3	28	4
668	"Class I
HA-RAMP"	0.96	0.86556	0.63219	25	1	24	1
669	"Class I
HA-RAMP"	0.9411764706	0.96111	0.7334	34	3	32	3
670	"Class I
HA-RAMP"	0.9333333333	0.67778	0.88379	30	5	28	6
671	"Class I
HA-RAMP"	0.8148148148	0.89778	0.77788	27	4	22	4
672	"Class I
HA-RAMP"	1	0.47778	0.52281	29	6	29	6
673	"Class I
HA-RAMP"	0.7878787879	0.48778	0.64668	33	3	26	1
674	"Class I
HA-RAMP"	1	0.68222	0.72202	30	3	30	3
675	"Class I
HA-RAMP"	0.96	0.62222	0.63355	25	2	24	2
676	"Class I
HA-RAMP"	0.6206896552	0.49111	0.45991	29	3	18	2
677	"Class I
HA-RAMP"	0.7878787879	0.48556	0.58741	33	4	26	2
678	"Class I
HA-RAMP"	1	0.66111	0.82495	28	3	28	3
679	"Class I
HA-RAMP"	1	0.65222	0.81392	31	3	31	3
680	"Class I
HA-RAMP"	1	0.66	0.70928	30	3	30	3
681	"Class I
HA-RAMP"	1	0.62667	0.63219	25	2	25	2
682	"Class I
HA-RAMP"	1	0.67889	0.48604	25	3	25	3
683	"Class I
HA-RAMP"	1	0.66111	0.82495	28	2	28	2
684	"Class I
HA-RAMP"	1	0.68	0.63219	32	2	32	2
685	"Class I
HA-RAMP"	0.7142857143	0.62222	0.63355	28	1	20	0
686	"Class I
HA-RAMP"	0.9642857143	0.62222	0.63355	28	1	27	1
687	"Class I
HA-RAMP"	1	0.48889	0.56486	32	5	32	5
688	"Class I
HA-RAMP"	1	0.63667	0.90904	31	2	31	2
689	"Class I
HA-RAMP"	1	0.66556	0.77683	32	2	32	2
690	"Class I
HA-RAMP"	1	0.62778	0.7693	27	0	27	0
691	"Class I
HA-RAMP"	1	0.62667	0.70105	30	3	30	3
692	"Class I
HA-RAMP"	1	0.64	0.63219	25	2	25	2
693	"Class I
HA-RAMP"	1	0.53	0.78914	23	1	23	1
694	"Class I
HA-RAMP"	1	0.38	0.67745	29	3	29	3
695	"Class I
HA-RAMP"	0.6739130435	0.76444	0.61844	46	7	31	4
696	"Class I
HA-RAMP"	0.6739130435	0.76333	0.61849	46	7	31	4
697	"Class I
HA-RAMP"	0.6956521739	0.78556	0.64009	46	6	32	3
698	"Class I
HA-RAMP"	0.7173913043	0.78556	0.6744	46	5	33	3
699	"Class I
HA-RAMP"	0.7173913043	0.71778	0.68337	46	5	33	3
700	"Class I
HA-RAMP"	0.7173913043	0.54556	0.65496	46	5	33	3
701	"Class I
HA-RAMP"	0.6739130435	0.72222	0.64103	46	6	31	3
702	"Class I
HA-RAMP"	0.6739130435	0.77556	0.66817	46	6	31	3
703	"Class I
HA-RAMP"	0.6739130435	0.76778	0.69733	46	5	31	2
704	"Class I
HA-RAMP"	0.7173913043	0.78556	0.69315	46	5	33	3
705	"Class I
HA-RAMP"	0.7173913043	0.61	0.70078	46	5	33	3
706	"Class I
HA-RAMP"	0.7173913043	0.69111	0.77797	46	6	33	3
707	"Class I
HA-RAMP"	0.7391304348	0.71778	0.77821	46	6	34	3
708	"Class I
HA-RAMP"	0.7173913043	0.71778	0.64903	46	5	33	3
709	"Class I
HA-RAMP"	0.7391304348	0.71778	0.69887	46	5	34	2
710	"Class I
HA-RAMP"	0.7391304348	0.71778	0.69887	46	5	34	2
711	"Class I
HA-RAMP"	0.7391304348	0.71778	0.68434	46	6	34	3
712	"Class I
HA-RAMP"	0.7173913043	0.64667	0.65087	46	5	33	3
713	"Class I
HA-RAMP"	0.7173913043	0.58333	0.65087	46	7	33	5
714	"Class I
HA-RAMP"	0.7173913043	0.64667	0.65087	46	4	33	2
715	"Class I
HA-RAMP"	0.7173913043	0.58333	0.65087	46	5	33	3
716	"Class I
HA-RAMP"	0.6739130435	0.78667	0.68121	46	6	31	3
717	"Class I
HA-RAMP"	0.6756756757	0.84222	0.7104	37	5	25	5
718	"Class I
HA-RAMP"	0.7567567568	1.00111	0.69026	37	4	28	3
719	"Class I
HA-RAMP"	0.6756756757	0.72889	0.66723	37	5	25	4
720	"Class I
HA-RAMP"	0.6756756757	0.69333	0.72061	37	6	25	4
721	"Class I
HA-RAMP"	0.8378378378	0.83667	0.67884	37	5	31	3
722	"Class I
HA-RAMP"	0.8378378378	0.83667	0.57934	37	5	31	3
723	"Class I
HA-RAMP"	0.8108108108	0.86556	0.71127	37	4	30	3
724	"Class I
HA-RAMP"	0.7173913043	0.77444	0.66337	46	5	33	3
725	"Class I
HA-RAMP"	0.8108108108	0.76778	0.72931	37	4	30	3
726	"Class I
HA-RAMP"	0.8108108108	0.74222	0.6475	37	4	30	2
727	"Class I
HA-RAMP"	0.8378378378	0.79778	0.72567	37	5	31	4
728	"Class I
HA-RAMP"	0.6216216216	0.74222	0.72931	37	4	23	4
729	"Class I
HA-RAMP"	0.7567567568	0.80667	0.68168	37	4	28	3
730	"Class I
HA-RAMP"	0.7567567568	0.82222	0.55589	37	3	28	2
731	"Class I
HA-RAMP"	0.8108108108	0.77556	0.72931	37	4	30	3
732	"Class I
HA-RAMP"	0.4324324324	0.76444	0.72931	37	5	16	3
733	"Class I
HA-RAMP"	0.8108108108	0.76778	0.64831	37	4	30	2
734	"Class I
HA-RAMP"	0.8108108108	0.76778	0.65347	37	3	30	2
735	"Class I
HA-RAMP"	0.8108108108	0.76778	0.65347	37	2	30	2
736	"Class I
HA-RAMP"	0.8108108108	0.77889	0.65347	37	4	30	2
737	"Class I
HA-RAMP"	0.6756756757	0.67667	0.72061	37	5	25	4
738	"Class I
HA-RAMP"	0.8378378378	0.81	0.67873	37	5	31	4
739	"Class I
HA-RAMP"	0.8378378378	0.77111	0.67873	37	5	31	4
740	"Class I
HA-RAMP"	0.8378378378	0.77	0.68706	37	5	31	4
741	"Class I
HA-RAMP"	1	0.66667	0.67558	27	3	27	3
742	"Class I
HA-RAMP"	1	0.64222	0.71925	25	2	25	2
743	"Class I
HA-RAMP"	1	0.64222	0.71925	27	2	27	2
744	"Class I
HA-RAMP"	1	0.64222	0.71925	27	2	27	2
745	"Class I
HA-RAMP"	1	0.64222	0.71925	25	2	25	2
746	"Class I
HA-RAMP"	1	0.74333	0.71789	25	2	25	2
747	"Class I
HA-RAMP"	1	0.72	0.59048	27	3	27	3
748	"Class I
HA-RAMP"	1	0.71778	0.59083	27	3	27	3
749	"Class I
HA-RAMP"	1	0.71556	0.59463	27	3	27	3
750	"Class I
HA-RAMP"	0.8518518519	0.67	0.58822	27	5	23	4
751	"Class I
HA-RAMP"	0.8148148148	0.70111	0.67558	27	3	22	3
752	"Class I
HA-RAMP"	1	0.66556	0.67558	27	3	27	3
753	"Class I
HA-RAMP"	1	0.70778	0.62245	27	3	27	3
754	"Class I
HA-RAMP"	1	0.67222	0.67558	27	3	27	3
755	"Class I
HA-RAMP"	1	0.66667	0.67558	27	3	27	3
756	"Class I
HA-RAMP"	1	0.69667	0.62245	27	3	27	3
757	"Class I
HA-RAMP"	1	0.66667	0.67558	27	3	27	3
758	"Class I
HA-RAMP"	0.8148148148	0.84111	0.70359	27	3	22	3
759	"Class I
HA-RAMP"	1	0.84111	0.70359	27	3	27	3
760	"Class I
HA-RAMP"	0	0.40111	0.30255	14	0	0	0
761	"Class I
HA-RAMP"	0.8888888889	0.92111	0.59617	18	0	16	0
762	"Class I
HA-RAMP"	0.8888888889	0.87889	0.62642	18	0	16	0
763	"Class I
HA-RAMP"	0.8888888889	0.92111	0.59617	18	2	16	1
764	"Class I
HA-RAMP"	0.6341463415	1.08556	0.59599	41	6	26	3
765	"Class I
HA-RAMP"	0	0.85111	0.63685	45	3	0	0
766	"Class I
HA-RAMP"	0.3888888889	1.14667	0.63476	36	4	14	0
767	"Class I
HA-RAMP"	0.2941176471	1.00333	0.617	51	6	15	1
768	"Class I
HA-RAMP"	0	0.72444	0.59776	71	5	0	0
769	"Class I
HA-RAMP"	0	0.84889	0.86605	47	8	0	0
770	"Class I
HA-RAMP"	0.2272727273	0.97556	0.4424	44	2	10	0
771	"Class I
HA-RAMP"	0.2941176471	1.00333	0.65087	51	4	15	1
772	"Class I
HA-RAMP"	0.2258064516	0.97	0.67711	62	2	14	-2
773	"Class I
HA-RAMP"	0.28125	0.91111	0.5284	32	3	9	0
774	"Class I
HA-RAMP"	0.65	0.83333	0.38104	40	3	26	1
775	"Class I
HA-RAMP"	0	0.71333	0.7069	38	6	0	0
776	"Class I
HA-RAMP"	0	0.83222	0.65119	54	0	0	0
777	"Class I
HA-RAMP"	0	0.7	0.72292	47	2	0	0
778	"Class I
HA-RAMP"	0.2272727273	0.97556	0.48764	44	1	10	0
779	"Class I
HA-RAMP"	0	1.09111	0.70343	50	1	0	0
780	"Class I
HA-RAMP"	0	0.82889	0.62257	46	1	0	0
781	"Class I
HA-RAMP"	0.65	0.83333	0.38104	40	4	26	2
782	"Class I
HA-RAMP"	0.1851851852	0.81667	0.57386	54	3	10	0
783	"Class I
HA-RAMP"	0.1914893617	0.50667	0.6928	47	8	9	1
784	"Class I
HA-RAMP"	0	0.66667	0.52043	50	7	0	0
785	"Class I
HA-RAMP"	0.1914893617	0.60778	0.68511	47	9	9	1
786	"Class I
HA-RAMP"	0	1.19444	0.61618	55	1	0	0
787	"Class I
HA-RAMP"	0.55	0.70778	0.64864	40	1	22	5
788	"Class I
HA-RAMP"	0.65	0.83333	0.38104	40	3	26	1
789	"Class I
HA-RAMP"	0.6571428571	0.98333	0.86702	70	8	46	6
790	"Class I
HA-RAMP"	0.25	1.27444	0.66797	76	0	19	0
791	"Class I
HA-RAMP"	0.262295082	1.34444	0.56441	61	-1	16	-1
792	"Class I
HA-RAMP"	0.546875	0.92333	0.61621	64	2	35	3
793	"Class I
HA-RAMP"	0.803030303	0.97	0.63514	66	4	53	2
794	"Class I
HA-RAMP"	0.4754098361	1.12556	0.81608	61	4	29	3
795	"Class I
HA-RAMP"	0.25	0.72	0.60955	64	1	16	0
796	"Class I
HA-RAMP"	0.5230769231	0.91889	0.668	65	1	34	2
797	"Class I
HA-RAMP"	0.2575757576	1.24444	0.63048	66	2	17	-1
798	"Class I
HA-RAMP"	0.6571428571	0.93556	0.70954	70	7	46	4
799	"Class I
HA-RAMP"	0.53125	0.91889	0.72534	64	0	34	1
800	"Class I
HA-RAMP"	0	1.24444	0.61208	65	0	0	0
801	"Class I
HA-RAMP"	0.2878787879	0.82556	0.55526	66	3	19	2
802	"Class I
HA-RAMP"	0.4057971014	1.36333	0.75493	69	1	28	1
803	"Class I
HA-RAMP"	0	1.24444	0.61208	66	1	0	0
804	"Class I
HA-RAMP"	0.4090909091	1.24444	0.63048	66	2	27	0
805	"Class I
HA-RAMP"	0	1.24444	0.61208	65	1	0	0
806	"Class I
HA-RAMP"	0.4179104478	1.05222	0.68473	67	-2	28	-1
807	"Class I
HA-RAMP"	0.196969697	1.21	0.61208	66	2	13	2
808	"Class I
HA-RAMP"	0.171875	1.03222	0.60071	64	2	11	0
809	"Class I
HA-RAMP"	0.5151515152	1.00444	0.63416	66	0	34	0
810	"Class I
HA-RAMP"	0.2424242424	1.34444	0.62083	66	1	16	1
811	"Class I
HA-RAMP"	0.53125	0.97	0.60531	64	2	34	3
812	"Class I
HA-RAMP"	0.515625	0.90111	0.55205	64	-2	33	2
813	"Class I
HA-RAMP"	0.2063492063	0.95556	0.48225	63	1	13	3
814	"Class I
HA-RAMP"	0.671875	0.75556	0.71942	64	2	43	-2
815	"Class I
HA-RAMP"	0.6507936508	1.16222	0.80378	63	6	41	3
816	"Class I
HA-RAMP"	0.6119402985	1.14667	0.46529	67	-2	41	-2
817	"Class I
HA-RAMP"	0.53125	0.91889	0.68725	64	2	34	2
818	"Class I
HA-RAMP"	0.703125	0.91889	0.66811	64	0	45	-1
819	"Class I
HA-RAMP"	0.4090909091	1.00444	0.59252	66	2	27	2
820	"Class I
HA-RAMP"	0.8484848485	1.02889	0.69332	66	2	56	1
821	"Class I
HA-RAMP"	0.546875	0.92333	0.61621	64	3	35	3
822	"Class I
HA-RAMP"	0	0.90778	0.52734	59	1	0	0
823	"Class I
HA-RAMP"	0.234375	1.26444	0.66413	64	-4	15	-2
824	"Class I
HA-RAMP"	0.5555555556	0.76111	0.49075	36	5	20	2
825	"Class I
HA-RAMP"	0.8378378378	0.64778	0.56084	37	2	31	1
826	"Class I
HA-RAMP"	0	0.71333	0.53083	37	0	0	0
827	"Class I
HA-RAMP"	0.8378378378	0.53889	0.56084	37	2	31	1
828	"Class I
HA-RAMP"	0.8918918919	0.64667	0.65003	37	1	33	0
829	"Class I
HA-RAMP"	0.5581395349	0.92111	0.59973	43	3	24	3
830	"Class I
HA-RAMP"	0.6511627907	0.85778	0.60212	43	2	28	-1
831	"Class I
HA-RAMP"	0.8604651163	0.77444	0.62694	43	4	37	2
832	"Class I
HA-RAMP"	0.9302325581	0.76333	0.65003	43	2	40	2
833	"Class I
HA-RAMP"	0.4545454545	1.01556	0.64759	44	1	20	-1
834	"Class I
HA-RAMP"	0.6590909091	0.77	0.62788	44	3	29	2
835	"Class I
HA-RAMP"	0.8636363636	0.80333	0.50833	44	3	38	2
836	"Class I
HA-RAMP"	0.2127659574	0.82222	0.5286	47	4	10	1
837	"Class I
HA-RAMP"	0.75	0.69444	0.58455	48	4	36	3
838	"Class I
HA-RAMP"	0.5945945946	0.75667	0.46745	37	3	22	2
839	"Class I
HA-RAMP"	0.3448275862	0.97	0.57188	58	10	20	2
840	"Class I
HA-RAMP"	0.8604651163	0.77444	0.62694	43	4	37	2
841	"Class I
HA-RAMP"	0.8139534884	0.95111	0.66078	43	4	35	3
842	"Class I
HA-RAMP"	0.7916666667	0.64222	0.72822	48	5	38	4
843	"Class I
HA-RAMP"	0.9285714286	0.80889	0.65409	42	4	39	4
844	"Class I
HA-RAMP"	0.5714285714	0.72778	0.6343	49	3	28	0
845	"Class I
HA-RAMP"	0.6111111111	0.80889	0.65409	36	1	22	0
846	"Class I
HA-RAMP"	0.6511627907	0.77444	0.62694	43	5	28	3
847	"Class I
HA-RAMP"	0.6744186047	0.77	0.63045	43	3	29	1
848	"Class I
HA-RAMP"	0.8604651163	0.77444	0.62694	43	4	37	2
849	"Class I
HA-RAMP"	0.2558139535	0.72444	0.52558	43	3	11	1
850	"Class I
HA-RAMP"	0.8108108108	0.84556	0.51348	37	1	30	1
851	"Class I
HA-RAMP"	0.5897435897	0.84444	0.70526	39	3	23	1
852	"Class I
HA-RAMP"	0.5428571429	0.91444	0.3588	35	3	19	1
853	"Class I
HA-RAMP"	0.8636363636	0.80333	0.50833	44	3	38	2
854	"Class I
HA-RAMP"	0.5714285714	0.92111	0.59973	42	3	24	3
855	"Class I
HA-RAMP"	0.8139534884	0.95111	0.66078	43	4	35	3
856	"Class I
HA-RAMP"	0.8717948718	0.91333	0.50489	39	3	34	0
857	"Class I
HA-RAMP"	0.6511627907	0.76556	0.6314	43	3	28	2
858	"Class I
HA-RAMP"	0.8108108108	0.53889	0.56084	37	1	30	0
859	"Class I
HA-RAMP"	0.4545454545	1.01556	0.64759	44	1	20	-1
860	"Class I
HA-RAMP"	0.7441860465	0.84444	0.70526	43	4	32	1
861	"Class I
HA-RAMP"	0.7619047619	0.80889	0.65409	42	1	32	0
862	"Class I
HA-RAMP"	0.7272727273	0.80889	0.65409	44	3	32	0
863	"Class I
HA-RAMP"	0.9302325581	0.80889	0.65409	43	5	40	5
864	"Class I
HA-RAMP"	0.6976744186	0.61778	0.72822	43	4	30	1
865	"Class I
HA-RAMP"	0.8	0.54	0.76194	25	9	20	8
866	"Class I
HA-RAMP"	1	0.57444	0.72212	24	5	24	5
867	"Class I
HA-RAMP"	0.8461538462	0.64556	0.87702	26	9	22	8
868	"Class I
HA-RAMP"	0.8461538462	0.64556	0.87702	26	9	22	8
869	"Class I
HA-RAMP"	1	0.27111	0.75272	20	5	20	5
870	"Class I
HA-RAMP"	1	0.41556	0.73893	20	4	20	4
871	"Class I
HA-RAMP"	1	0.57444	0.72212	24	5	24	5
872	"Class I
HA-RAMP"	1	0.54889	0.77371	28	9	28	9
873	"Class I
HA-RAMP"	0.5151515152	0.57111	0.58706	33	5	17	3
874	"Class I
HA-RAMP"	1	0.60333	0.7195	34	2	34	2
875	"Class I
HA-RAMP"	0.9285714286	0.67889	0.61018	14	3	13	3
876	"Class I
HA-RAMP"	0.9285714286	0.69333	0.63179	14	3	13	3
877	"Class I
HA-RAMP"	0.9285714286	0.70444	0.63261	14	3	13	3
878	"Class I
HA-RAMP"	0.9285714286	0.50111	0.87453	14	3	13	3
879	"Class I
HA-RAMP"	1	0.68667	0.80096	14	3	14	3
880	"Class I
HA-RAMP"	1	0.57111	0.72718	14	3	14	3
881	"Class I
HA-RAMP"	0.9411764706	0.59333	0.67359	17	3	16	3
882	"Class I
HA-RAMP"	1	0.89667	0.7773	14	1	14	1
883	"Class I
HA-RAMP"	0.9285714286	0.61556	0.74444	14	1	13	1
884	"Class I
HA-RAMP"	0.9333333333	0.70444	0.63261	15	3	14	3
885	"Class I
HA-RAMP"	1	0.84222	0.7102	14	1	14	1
886	"Class I
HA-RAMP"	1	0.79222	0.72045	14	3	14	3
887	"Class I
HA-RAMP"	0.9285714286	0.73444	0.64012	14	4	13	4
888	"Class I
HA-RAMP"	0.9285714286	0.65222	0.61018	14	3	13	3
889	"Class I
HA-RAMP"	0.8461538462	0.67889	0.56123	13	3	11	3
890	"Class I
HA-RAMP"	0.8461538462	0.54889	0.66625	39	7	33	5
891	"Class I
HA-RAMP"	0.6666666667	0.65889	0.63593	42	10	28	6
892	"Class I
HA-RAMP"	0.6829268293	0.66111	0.66227	41	9	28	6
893	"Class I
HA-RAMP"	0.6666666667	0.65889	0.63593	42	10	28	6
894	"Class I
HA-RAMP"	0.9487179487	0.54889	0.66625	39	7	37	6
895	"Class I
HA-RAMP"	0.6976744186	0.62222	0.73461	43	10	30	4
896	"Class I
HA-RAMP"	0.8684210526	0.70444	0.68381	38	7	33	6
897	"Class I
HA-RAMP"	0.8684210526	0.69333	0.68381	38	7	33	6
898	"Class I
HA-RAMP"	0.8684210526	0.70444	0.68381	38	7	33	6
899	"Class I
HA-RAMP"	0.8684210526	0.61333	0.65791	38	6	33	5
900	"Class I
HA-RAMP"	0.9736842105	0.70222	0.67613	38	5	37	5
901	"Class I
HA-RAMP"	0.6666666667	0.62778	0.70023	42	10	28	6
902	"Class I
HA-RAMP"	0.6666666667	0.65111	0.69743	42	10	28	4
903	"Class I
HA-RAMP"	1	0.02	0.74836	20	10	20	10
904	"Class I
HA-RAMP"	1	0.33111	0.90483	18	10	18	10
905	"Class I
HA-RAMP"	0.8648648649	0.59111	0.86726	37	6	32	6
906	"Class I
HA-RAMP"	1	1.07667	0.90483	27	10	27	10
907	"Class I
HA-RAMP"	0.8846153846	1.10667	0.6188	26	8	23	5
908	"Class I
HA-RAMP"	0.6551724138	1.30333	0.6174	29	7	19	1
909	"Class I
HA-RAMP"	0.4375	0.65	0.89843	32	10	14	7
910	"Class I
HA-RAMP"	1	0.59111	0.83519	28	6	28	6
911	"Class I
HA-RAMP"	1	0.46333	0.83519	23	5	23	5
912	"Class I
HA-RAMP"	0.8648648649	0.65	0.79389	37	8	32	7
913	"Class I
HA-RAMP"	0.8947368421	0.72333	0.80852	38	7	34	8
914	"Class I
HA-RAMP"	0.8529411765	0.80444	0.80807	34	4	29	6
915	"Class I
HA-RAMP"	0.9069767442	0.70111	0.80478	43	16	39	15
916	"Class I
HA-RAMP"	0.9642857143	1.20222	0.87042	28	7	27	7
917	"Class I
HA-RAMP"	1	0.42	0.82737	34	8	34	8
918	"Class I
HA-RAMP"	0.7826086957	0.85333	0.70882	23	6	18	3
919	"Class I
HA-RAMP"	0.5277777778	1.16	0.8424	36	13	19	4
920	"Class I
HA-RAMP"	1	0.64	0.79595	37	3	37	3
921	"Class I
HA-RAMP"	0.8648648649	0.46333	0.79895	37	3	32	3
922	"Class I
HA-RAMP"	0.7666666667	0.84556	0.78349	30	8	23	8
923	"Class I
HA-RAMP"	1	0.61111	0.69306	21	0	21	0
924	"Class I
HA-RAMP"	0.92	0.84111	0.63414	25	1	23	0
925	"Class I
HA-RAMP"	0.9090909091	0.51111	0.71514	22	0	20	0
926	"Class I
HA-RAMP"	1	0.86333	0.77675	21	0	21	0
927	"Class I
HA-RAMP"	1	0.63889	0.6387	17	1	17	1
928	"Class I
HA-RAMP"	0.92	0.53333	0.65249	25	2	23	1
929	"Class I
HA-RAMP"	1	0.51222	0.59869	25	2	25	2
930	"Class I
HA-RAMP"	0.92	0.72444	0.63641	25	1	23	0
931	"Class I
HA-RAMP"	0.92	0.73556	0.64431	25	1	23	0
932	"Class I
HA-RAMP"	0.92	0.72444	0.63641	25	0	23	-1
933	"Class I
HA-RAMP"	1	0.67778	0.7872	21	0	21	0
934	"Class I
HA-RAMP"	1	0.63111	0.64606	22	1	22	1
935	"Class I
HA-RAMP"	1	0.91333	0.77055	23	3	23	3
936	"Class I
HA-RAMP"	1	0.91333	0.77055	23	3	23	3
937	"Class I
HA-RAMP"	1	0.91333	0.77055	23	3	23	3
938	"Class I
HA-RAMP"	1	0.91333	0.77055	23	3	23	3
939	"Class I
HA-RAMP"	1	0.63667	0.67589	26	5	26	5
940	"Class I
HA-RAMP"	1	0.58333	0.8025	26	5	26	5
941	"Class I
HA-RAMP"	0.96	0.50667	0.82501	25	6	24	6
942	"Class I
HA-RAMP"	1	0.94778	0.80605	26	2	26	2
943	"Class I
HA-RAMP"	1	0.91778	0.69931	21	2	21	2
944	"Class I
HA-RAMP"	0.6666666667	0.39778	0.68421	18	4	12	3
945	"Class I
HA-RAMP"	1	0.91333	0.77055	22	3	22	3
946	"Class I
HA-RAMP"	1	0.91333	0.77055	22	3	22	3
947	"Class I
HA-RAMP"	1	0.49222	0.6836	25	4	25	4
948	"Class I
HA-RAMP"	1	0.91667	0.76872	22	3	22	3
949	"Class I
HA-RAMP"	0.4761904762	0.55111	0.68644	21	0	10	0
950	"Class I
HA-RAMP"	0.6956521739	0.50222	0.67742	23	5	16	3
951	"Class I
HA-RAMP"	0.9	0.68333	0.84214	20	3	18	3
952	"Class I
HA-RAMP"	0.7692307692	0.68333	0.85897	26	8	20	5
953	"Class I
HA-RAMP"	1	0.54889	0.61208	25	3	25	3
954	"Class I
HA-RAMP"	1	1.01222	0.57746	19	1	19	1
955	"Class I
HA-RAMP"	0.7894736842	1.01222	0.57746	19	4	15	2
956	"Class I
HA-RAMP"	1	0.94778	0.80605	26	2	26	2
957	"Class I
HA-RAMP"	0.8947368421	0.37222	0.79657	19	6	17	5
958	"Class I
HA-RAMP"	0.5454545455	0.63333	0.68731	44	5	24	7
959	"Class I
HA-RAMP"	0.7931034483	0.67778	0.62646	29	2	23	1
960	"Class I
HA-RAMP"	0.5357142857	0.69556	0.65463	28	3	15	2
961	"Class I
HA-RAMP"	0.5357142857	0.69556	0.65463	28	3	15	2
962	"Class I
HA-RAMP"	0.5454545455	0.72556	0.66442	33	4	18	4
963	"Class I
HA-RAMP"	0.7096774194	0.63333	0.59014	31	3	22	1
964	"Class I
HA-RAMP"	1	0.77	0.83886	32	2	32	2
965	"Class I
HA-RAMP"	0.84375	0.55778	0.67719	32	4	27	3
966	"Class I
HA-RAMP"	0.84375	0.69	0.61349	32	4	27	3
967	"Class I
HA-RAMP"	0.8214285714	0.58111	0.66493	28	3	23	2
968	"Class I
HA-RAMP"	0.7096774194	0.64667	0.63589	31	3	22	1
969	"Class I
HA-RAMP"	0.8888888889	0.78778	0.70544	27	4	24	3
970	"Class I
HA-RAMP"	0.84375	0.72556	0.67362	32	4	27	3
971	"Class I
HA-RAMP"	0.8214285714	0.62778	0.66425	28	3	23	2
972	"Class I
HA-RAMP"	0.8214285714	0.68444	0.76118	28	2	23	0
973	"Class I
HA-RAMP"	0.84375	0.67556	0.64938	32	4	27	3
974	"Class I
HA-RAMP"	0.5185185185	0.83444	0.57268	27	4	14	3
975	"Class I
HA-RAMP"	0.8148148148	0.55667	0.66642	27	3	22	2
976	"Class I
HA-RAMP"	0.8214285714	0.57	0.66642	28	3	23	2
977	"Class I
HA-RAMP"	0.8214285714	0.57	0.61256	28	2	23	1
978	"Class I
HA-RAMP"	0.8214285714	0.58111	0.6694	28	3	23	2
979	"Class I
HA-RAMP"	0.7777777778	0.74111	0.54131	27	3	21	2
980	"Class I
HA-RAMP"	0.7777777778	0.42778	0.67129	27	2	21	1
981	"Class I
HA-RAMP"	0.7096774194	0.66556	0.59936	31	3	22	1
982	"Class I
HA-RAMP"	0.8214285714	0.63556	0.6381	28	4	23	2
983	"Class I
HA-RAMP"	0.8214285714	0.72	0.62322	28	2	23	1
984	"Class I
HA-RAMP"	0.5357142857	0.70222	0.65867	28	3	15	2
985	"Class I
HA-RAMP"	0.84375	0.62778	0.66377	32	5	27	4
986	"Class I
HA-RAMP"	0.8214285714	0.53667	0.64829	28	4	23	3
987	"Class I
HA-RAMP"	0.8214285714	0.63222	0.65719	28	3	23	2
988	"Class I
HA-RAMP"	0.84375	0.63889	0.67052	32	4	27	3
989	"Class I
HA-RAMP"	0.5625	0.75	0.67428	32	2	18	1
990	"Class I
HA-RAMP"	0.8214285714	0.56778	0.61281	28	3	23	2
991	"Class I
HA-RAMP"	0.8214285714	0.58556	0.65719	28	3	23	2
992	"Class I
HA-RAMP"	0.8214285714	0.62444	0.62796	28	3	23	2
993	"Class I
HA-RAMP"	0.5454545455	0.74	0.75594	33	3	18	1
994	"Class I
HA-RAMP"	0.6764705882	0.53667	0.64193	34	5	23	4
995	"Class I
HA-RAMP"	0.6666666667	0.46444	0.5689	30	3	20	1
996	"Class I
HA-RAMP"	0.4838709677	0.84778	0.64925	31	3	15	2
997	"Class I
HA-RAMP"	0.696969697	0.78778	0.70225	33	3	23	1
998	"Class I
HA-RAMP"	0.696969697	0.79889	0.71256	33	3	23	1
999	"Class I
HA-RAMP"	0.6216216216	1.00778	0.63345	37	4	23	3
1000	"Class I
HA-RAMP"	1	0.83222	0.77587	29	5	29	5
1001	"Class I
HA-RAMP"	1	0.87556	0.77587	29	4	29	4
1002	"Class I
HA-RAMP"	0.8181818182	0.73222	0.69716	33	3	27	1
1003	"Class I
HA-RAMP"	0.8181818182	0.51556	0.74889	33	4	27	3
1004	"Class I
HA-RAMP"	0.8181818182	0.56778	0.75686	33	3	27	2
1005	"Class I
HA-RAMP"	0.8181818182	0.63111	0.75686	33	4	27	3
1006	"Class I
HA-RAMP"	0.7647058824	0.67	0.74395	34	4	26	3
1007	"Class I
HA-RAMP"	0.7931034483	0.57778	0.75222	29	3	23	2
1008	"Class I
HA-RAMP"	0.8181818182	0.63111	0.74889	33	4	27	3
1009	"Class I
HA-RAMP"	0.7931034483	0.48111	0.75708	29	4	23	3
1010	"Class I
HA-RAMP"	0.696969697	0.57111	0.73368	33	4	23	3
1011	"Class I
HA-RAMP"	0.8181818182	0.75778	0.61229	33	5	27	4
1012	"Class I
HA-RAMP"	0.8181818182	0.75444	0.65458	33	3	27	3
1013	"Class I
HA-RAMP"	0.696969697	0.78778	0.70225	33	3	23	1
1014	"Class I
HA-RAMP"	0.696969697	0.93444	0.6927	33	4	23	2
1015	"Class I
HA-RAMP"	0.8181818182	0.73222	0.73071	33	3	27	2
1016	"Class I
HA-RAMP"	0.8181818182	0.67	0.73071	33	3	27	2
1017	"Class I
HA-RAMP"	0.8181818182	0.72111	0.70792	33	3	27	1
1018	"Class I
HA-RAMP"	0.8181818182	0.72111	0.74202	33	3	27	1
1019	"Class I
HA-RAMP"	0.8181818182	0.62778	0.72293	33	4	27	3
1020	"Class I
HA-RAMP"	0.7272727273	0.72778	0.65949	33	5	24	3
1021	"Class I
HA-RAMP"	0.5	0.56556	0.58514	30	4	15	2
1022	"Class I
HA-RAMP"	0.9047619048	0.61556	0.70704	21	2	19	2
1023	"Class I
HA-RAMP"	0.696969697	0.76889	0.67433	33	5	23	3
1024	"Class I
HA-RAMP"	0.696969697	0.78	0.68401	33	4	23	3
1025	"Class I
HA-RAMP"	0.5172413793	0.91222	0.67381	29	4	15	3
1026	"Class I
HA-RAMP"	0.8181818182	0.73556	0.71643	33	3	27	2
1027	"Class I
HA-RAMP"	0.6216216216	0.92333	0.68194	37	4	23	4
1028	"Class I
HA-RAMP"	0.6216216216	0.92111	0.68323	37	4	23	4
1029	"Class I
HA-RAMP"	0.5405405405	0.7	0.67501	37	5	20	2
1030	"Class I
HA-RAMP"	0.6216216216	0.86	0.67501	37	5	23	4
1031	"Class I
HA-RAMP"	0.6216216216	0.91222	0.67501	37	5	23	4
1032	"Class I
HA-RAMP"	0.5	0.84444	0.73352	30	5	15	3
1033	"Class I
HA-RAMP"	0.5	0.84444	0.73352	30	5	15	3
1034	"Class I
HA-RAMP"	0.5454545455	0.77889	0.75594	33	3	18	1
1035	"Class I
HA-RAMP"	0.8181818182	0.78333	0.66567	33	3	27	2
1036	"Class I
HA-RAMP"	0.8181818182	0.81667	0.67147	33	2	27	1
1037	"Class I
HA-RAMP"	0.5454545455	0.77889	0.72769	33	3	18	1
1038	"Class I
HA-RAMP"	0.5454545455	0.77889	0.71753	33	3	18	0
1039	"Class I
HA-RAMP"	0.5454545455	0.74	0.75594	33	1	18	-1
1040	"Class I
HA-RAMP"	0.7878787879	0.72667	0.59822	33	2	26	0
1041	"Class I
HA-RAMP"	0.8181818182	0.78889	0.62107	33	1	27	1
1042	"Class I
HA-RAMP"	0.6060606061	0.73556	0.67147	33	2	20	1
1043	"Class I
HA-RAMP"	0.8181818182	0.72444	0.62107	33	1	27	1
1044	"Class I
HA-RAMP"	0.5454545455	0.74	0.7186	33	3	18	1
1045	"Class I
HA-RAMP"	0.5454545455	0.77333	0.72138	33	3	18	1
1046	"Class I
HA-RAMP"	0.8181818182	0.73556	0.67147	33	2	27	1
1047	"Class I
HA-RAMP"	0.8181818182	0.78333	0.75582	33	1	27	1
1048	"Class I
HA-RAMP"	0.5454545455	0.74	0.7186	33	2	18	1
1049	"Class I
HA-RAMP"	0.5454545455	0.77333	0.7186	33	3	18	1
1050	"Class I
HA-RAMP"	0.8181818182	0.86667	0.68764	33	2	27	1
1051	"Class I
HA-RAMP"	0.8181818182	0.85556	0.68764	33	2	27	1
1052	"Class I
HA-RAMP"	0.8181818182	0.68333	0.6522	33	2	27	2
1053	"Class I
HA-RAMP"	0.8181818182	0.68333	0.6522	33	2	27	2
1054	"Class I
HA-RAMP"	0.8181818182	0.68333	0.6522	33	3	27	2
1055	"Class I
HA-RAMP"	0.8181818182	0.68222	0.66398	33	3	27	1
1056	"Class I
HA-RAMP"	0.8181818182	0.68222	0.75101	33	3	27	1
1057	"Class I
HA-RAMP"	0.8181818182	0.53222	0.68827	33	4	27	4
1058	"Class I
HA-RAMP"	0.7941176471	0.56556	0.73528	34	3	27	1
1059	"Class I
HA-RAMP"	0.8181818182	0.73556	0.71643	33	3	27	2
1060	"Class I
HA-RAMP"	1	0.53444	0.68426	19	2	19	2
1061	"Class I
HA-RAMP"	1	0.52333	0.6799	19	2	19	2
1062	"Class I
HA-RAMP"	1	0.58667	0.68425	19	2	19	2
1063	"Class I
HA-RAMP"	1	0.72667	0.61662	19	1	19	1
1064	"Class I
HA-RAMP"	0.5454545455	0.73111	0.68361	33	6	18	4
1065	"Class I
HA-RAMP"	0.6363636364	0.68222	0.64599	33	4	21	2
1066	"Class I
HA-RAMP"	0.6363636364	0.68222	0.64599	33	4	21	2
1067	"Class I
HA-RAMP"	0.6756756757	0.73	0.7325	37	4	25	2
1068	"Class I
HA-RAMP"	1	0.64889	0.71925	27	2	27	2
1069	"Class I
HA-RAMP"	1	0.64889	0.71925	27	2	27	2
1070	"Class I
HA-RAMP"	1	0.68778	0.71925	25	2	25	2
1071	"Class I
HA-RAMP"	0.8148148148	0.67667	0.70504	27	2	22	3
1072	"Class I
HA-RAMP"	0.8260869565	0.98444	0.74822	23	2	19	2
1073	"Class I
HA-RAMP"	1	0.43778	0.66343	47	-2	47	-2
1074	"Class I
HA-RAMP"	1	0.67667	0.7422	24	2	24	2
1075	"Class I
HA-RAMP"	1	0.68778	0.75357	24	2	24	2
1076	"Class I
HA-RAMP"	1	0.77889	0.74287	23	1	23	1
1077	"Class I
HA-RAMP"	1	0.77889	0.74287	23	2	23	2
1078	"Class I
HA-RAMP"	0.3111111111	0.66111	0.70277	45	10	14	3
1079	"Class I
HA-RAMP"	0.3111111111	0.63	0.70277	45	9	14	2
1080	"Class I
HA-RAMP"	1	0.62889	0.75099	17	2	17	2
1081	"Class I
HA-RAMP"	1	0.66778	0.67496	17	2	17	2
1082	"Class I
HA-RAMP"	0	0.83444	0.4718	25	8	0	0
1083	"Class I
HA-RAMP"	0.4081632653	0.75333	0.72177	49	9	20	6
1084	"Class I
HA-RAMP"	0	0.23333	0.72177	16	4	0	0
1085	mTP	0.5789473684	0.66333	0.57129	19	4	11	2
1086	mTP	0	0.50222	0.69288	22	5	0	0
1087	mTP	0.8636363636	0.60111	0.41614	22	5	19	4
1088	mTP	0.9130434783	0.61444	0.61839	23	4	21	4
1089	mTP	0.4166666667	0.89778	0.53235	24	4	10	2
1090	mTP	0.5833333333	0.54444	0.75402	24	5	14	4
1091	mTP	1	0.66	0.61205	24	4	24	4
1092	mTP	0.7307692308	0.49667	0.6944	26	5	19	4
1093	mTP	0.9642857143	0.67778	0.55468	28	5	27	5
1094	mTP	0.5357142857	0.87444	0.48759	28	5	15	4
1095	mTP	0.6551724138	0.54	0.53961	29	6	19	3
1096	mTP	0.4	0.65889	0.42565	30	5	12	2
1097	mTP	0.5882352941	0.71889	0.62782	34	5	20	3
1098	mTP	0.8	0.86667	0.5376	35	7	28	5
1099	mTP	1	0.68444	0.58756	36	5	36	5
1100	mTP	0.9459459459	0.81556	0.6921	37	5	35	5
1101	mTP	0.7027027027	0.74333	0.6704	37	7	26	4
1102	mTP	0	0.81556	0.45135	38	4	0	0
1103	mTP	0.6923076923	0.87111	0.66071	39	4	27	3
1104	mTP	0.5217391304	0.81556	0.43595	46	3	24	1
1105	mTP	0.4897959184	0.79444	0.78457	49	5	24	3
1106	mTP	0.5660377358	0.80667	0.64639	53	5	30	4
1107	mTP	0.5593220339	0.56667	0.71693	59	6	33	3
1108	mTP	0.7971014493	0.76	0.60524	69	5	55	5
1109	mTP	0.5844155844	0.73889	0.60516	77	5	45	7
1110	mTP	0.6666666667	0.79333	0.71856	81	3	54	2
1111	mTP	0.5294117647	0.67333	0.83368	85	8	45	4
1112	mTP	0.7865168539	0.66444	0.57159	89	9	70	9
1113	mTP	0.5	0.89444	0.76335	90	7	45	2
1114	mTP	0	0.54	0.47223	23	4	0	0
1115	mTP	0	0.71778	0.47217	26	5	0	0
1116	mTP	0.9152542373	0.90778	0.47984	59	8	54	6
1117	mTP	0.5714285714	0.83111	0.60892	21	5	12	3
1118	mTP	0	0.40222	0.61836	20	5	0	0
1119	mTP	0.6	1.55222	0.57114	35	2	21	3
1120	mTP	0	0.58889	0.5614	31	8	0	0
1121	mTP	0	0.39444	0.68527	15	4	0	0
1122	mTP	0	0.61667	0.45828	16	3	0	0
1123	mTP	0.7058823529	0.43667	0.61496	17	3	12	3
1124	mTP	0.625	0.47	0.61823	16	4	10	3
1125	mTP	0.2888888889	1.08111	0.68746	45	7	13	2
1126	mTP	0.8787878788	0.76	0.68876	33	6	29	5
1127	mTP	0.1914893617	0.76556	0.84571	47	8	9	1
1128	mTP	0.8	0.77556	0.618	35	4	28	3
1129	mTP	0	0.79	0.63467	42	8	0	0
1130	mTP	0.38	0.8	0.48634	50	8	19	2
1131	mTP	0.6428571429	0.7	0.53931	28	6	18	4
1132	mTP	0	0.75222	0.66368	25	5	0	0
1133	mTP	0	0.65111	0.51923	31	7	0	0
1134	mTP	0	0.60778	0.58139	21	5	0	0
1135	mTP	0	0.84444	0.58468	41	12	0	0
1136	mTP	0.625	0.66778	0.53861	24	4	15	3
1137	mTP	0	1.00778	0.57779	33	6	0	0
1138	mTP	0	0.67556	0.40134	17	4	0	0
1139	mTP	0.5	0.74	0.67065	28	6	14	3
1140	mTP	1	0.42333	0.65702	13	2	13	2
1141	mTP	0	0.90667	0.66158	29	6	0	0
1142	mTP	1	0.94667	0.56358	26	1	26	1
1143	mTP	0.301369863	1.18444	0.6657	73	5	22	1
1144	mTP	0	0.53667	0.6959	26	3	0	0
1145	mTP	0	0.95333	0.55918	19	3	0	0
1146	mTP	0.7142857143	0.73556	0.74818	28	3	20	2
1147	mTP	0.7619047619	0.64889	0.77226	21	4	16	3
1148	mTP	0.4915254237	0.83111	0.75981	59	8	29	5
1149	mTP	0	0.71778	0.36219	12	1	0	0
1150	mTP	0.8787878788	0.70111	0.64704	33	6	29	6
1151	mTP	0.3666666667	0.57222	0.72084	30	5	11	1
1152	mTP	0	0.84222	0.46108	16	3	0	0
1153	mTP	0.7307692308	0.69889	0.64196	26	3	19	2
1154	mTP	0.350877193	0.93	0.73568	57	6	20	4
1155	mTP	0.4366197183	1.10667	0.75571	71	2	31	3
1156	mTP	0	0.64444	0.45511	19	3	0	0
1157	mTP	0	0.63778	0.50976	18	2	0	0
1158	mTP	0.5555555556	0.78444	0.63307	45	4	25	2
1159	mTP	0	0.44889	0.49986	14	3	0	0
1160	mTP	0.2933333333	0.83333	0.71632	75	4	22	2
1161	mTP	0.6428571429	0.48444	0.50418	14	3	9	2
1162	mTP	0.5	0.79222	0.44896	24	5	12	2
1163	mTP	0.6774193548	0.95778	0.60395	31	4	21	3
1164	mTP	0	0.92111	0.62841	27	1	0	0
1165	mTP	0.5789473684	0.55	0.45935	19	3	11	2
1166	mTP	0	0.48	0.51461	16	2	0	0
1167	mTP	0.5945945946	0.98333	0.67568	37	6	22	6
1168	mTP	0	1.16	0.36141	33	4	0	0
1169	mTP	0.9677419355	0.67	0.52003	31	5	30	5
1170	mTP	0.40625	1.44333	0.79162	32	4	13	3
1171	mTP	0	0.49111	0.52543	12	3	0	0
1172	mTP	0.5593220339	0.88	0.87716	59	4	33	6
1173	mTP	0	0.64444	0.55541	23	5	0	0
1174	mTP	0.5769230769	0.65	0.3883	26	5	15	3
1175	mTP	0	0.80333	0.57016	27	6	0	0
1176	mTP	0	0.51889	0.51805	20	4	0	0
1177	mTP	0	0.60333	0.56014	40	9	0	0
1178	mTP	1	0.61778	0.50328	20	4	20	4
1179	mTP	0	0.76667	0.38762	34	6	0	0
1180	mTP	0.6285714286	0.74222	0.66929	35	5	22	3
1181	mTP	0.3875	0.76	0.62915	80	10	31	4
1182	mTP	0	0.69556	0.48271	33	4	0	0
1183	mTP	0.6818181818	0.49444	0.5405	22	5	15	4
1184	mTP	0	0.49	0.43643	22	4	0	0
1185	mTP	0	0.68444	0.6041	25	6	0	0
1186	mTP	0.8805970149	0.81667	0.66268	67	7	59	5
1187	mTP	0	0.79222	0.4937	24	4	0	0
1188	mTP	0.6904761905	0.85444	0.67279	42	3	29	3
1189	mTP	0.8125	0.51222	0.45022	32	7	26	6
1190	mTP	0.7916666667	0.55889	0.66733	24	4	19	4
1191	mTP	0.8125	0.93222	0.49407	32	4	26	4
1192	mTP	0.7794117647	0.75778	0.62804	68	5	53	3
1193	mTP	1	0.94889	0.52635	36	3	36	3
1194	mTP	0.8518518519	0.77556	0.57255	54	6	46	6
1195	mTP	0.7142857143	0.54667	0.65262	21	4	15	2
1196	mTP	0.5952380952	0.61889	0.58313	42	8	25	4
1197	mTP	0.4714285714	1	0.65715	70	5	33	3
1198	mTP	0.45	0.95333	0.59194	20	2	9	1
1199	mTP	0.5675675676	0.89778	0.57238	37	3	21	1
1200	mTP	0.7160493827	0.69778	0.60933	81	4	58	4
1201	mTP	0.9459459459	0.84333	0.55717	37	3	35	3
1202	mTP	0.75	0.53444	0.66578	28	3	21	2
1203	mTP	0.9310344828	0.75444	0.52035	29	3	27	2
1204	mTP	0.96875	0.54111	0.52284	32	3	31	3
1205	mTP	0.8222222222	0.70778	0.52309	45	4	37	3
1206	mTP	0.4230769231	0.65	0.52198	26	4	11	1
1207	mTP	0.9615384615	0.74889	0.68395	26	3	25	3
1208	mTP	0.9655172414	0.82	0.60347	58	4	56	4
1209	mTP	0.825	0.84444	0.66153	40	4	33	3
1210	mTP	0.8709677419	0.85444	0.59517	31	1	27	1
1211	mTP	0.5652173913	0.87556	0.35321	23	3	13	0
1212	mTP	0.9642857143	0.77444	0.60431	28	2	27	2
1213	mTP	0.5	0.80222	0.53651	26	5	13	3
1214	mTP	0.75	0.60889	0.537	44	1	33	1
1215	mTP	0.8387096774	0.86556	0.55859	31	2	26	2
1216	mTP	0.6714285714	0.90111	0.57447	70	7	47	3
1217	mTP	0.7058823529	0.64444	0.52687	17	4	12	2
1218	mTP	1	0.75111	0.52308	28	4	28	4
1219	mTP	0.75	0.72556	0.47945	44	1	33	1
1220	mTP	0.6666666667	0.53222	0.74929	21	3	14	2
1221	mTP	0.8076923077	0.48667	0.58683	26	2	21	0
1222	mTP	0.6511627907	1.00667	0.7928	43	5	28	4
1223	mTP	0.7407407407	0.92667	0.61372	27	5	20	4
1224	mTP	0.9347826087	0.57333	0.56357	46	4	43	4
1225	mTP	0.6666666667	0.85889	0.58727	33	5	22	3
1226	mTP	0.7205882353	0.90222	0.75455	68	8	49	7
1227	mTP	0.7142857143	1.27889	0.59654	42	5	30	1
1228	mTP	0.6875	0.69778	0.6811	32	5	22	3
1229	mTP	0.3125	0.93111	0.50195	32	4	10	1
1230	mTP	0.7692307692	0.86222	0.68688	39	4	30	2
1231	mTP	0.8333333333	1	0.67195	36	6	30	4
1232	mTP	0.6857142857	0.65889	0.49009	35	5	24	3
1233	mTP	0.6119402985	0.73556	0.6487	67	12	41	7
1234	mTP	0.6666666667	0.94667	0.53036	45	6	30	3
1235	mTP	0.6888888889	0.98444	0.55949	45	7	31	5
1236	mTP	0	0.78333	0.41688	18	3	0	0
1237	mTP	0.7959183673	1.23667	0.60268	49	4	39	4
1238	mTP	0.756097561	1.09	0.64046	41	6	31	5
1239	mTP	0.7727272727	1.04556	0.56148	22	4	17	3
1240	mTP	0.768115942	1.08222	0.60518	69	8	53	6
1241	mTP	0.7916666667	0.82	0.5529	24	4	19	3
1242	mTP	0.6585365854	1.08444	0.88422	41	4	27	2
1243	mTP	0.75	0.92	0.59698	68	8	51	7
1244	mTP	0.9166666667	0.57444	0.50495	24	5	22	4
1245	mTP	0.44	0.87667	0.64345	25	3	11	1
1246	mTP	0.9310344828	0.90667	0.50654	29	2	27	2
1247	mTP	0.59375	1.03889	0.48871	32	3	19	2
1248	mTP	0.7692307692	0.90111	0.59104	52	4	40	5
1249	mTP	0.48	0.63556	0.75081	25	4	12	2
1250	mTP	1	0.73778	0.62183	30	6	30	6
1251	mTP	0.7666666667	0.63222	0.3965	30	3	23	0
1252	mTP	0.5576923077	1.05222	0.62911	52	7	29	5
1253	mTP	1	0.59444	0.71165	30	5	30	5
1254	mTP	1	0.71222	0.42014	34	6	34	6
1255	mTP	0.9285714286	0.61556	0.59654	28	4	26	4
1256	mTP	0.6666666667	0.91889	0.58967	39	5	26	4
1257	mTP	0.3898305085	0.76	0.70947	59	8	23	3
1258	mTP	1	0.82222	0.68096	16	4	16	4
1259	mTP	0	0.92333	0.46787	24	3	0	0
1260	mTP	0	0.78333	0.54495	15	1	0	0
1261	mTP	0.75	0.80889	0.56191	28	5	21	4
1262	mTP	0.6818181818	0.79556	0.48618	22	4	15	3
1263	mTP	0.9056603774	0.70778	0.69357	53	7	48	6
1264	mTP	1	0.55222	0.54117	31	5	31	5
1265	mTP	0.9056603774	0.82111	0.66299	53	3	48	2
1266	mTP	0.8571428571	0.99111	0.55031	56	7	48	5
1267	mTP	1	0.68222	0.55687	43	6	43	6
1268	mTP	0.6129032258	0.83556	0.72364	31	8	19	5
1269	mTP	0.5479452055	1.05778	0.75573	73	10	40	5
1270	mTP	0.9552238806	1.08	0.59931	67	6	64	5
1271	mTP	0.8260869565	0.68444	0.59267	23	3	19	3
1272	mTP	0.8510638298	0.92111	0.53019	47	4	40	3
1273	mTP	0.90625	0.86333	0.67513	32	5	29	4
1274	mTP	0.6538461538	0.73333	0.62096	26	5	17	4
1275	mTP	0.8695652174	0.83111	0.64916	23	3	20	2
1276	mTP	1	0.63444	0.7484	37	7	37	7
1277	mTP	0.537037037	0.95222	0.70172	54	9	29	5
1278	mTP	0.6923076923	0.78111	0.5411	78	5	54	2
1279	mTP	0.9285714286	1.06667	0.56715	28	2	26	2
1280	mTP	0.8780487805	0.64222	0.63241	41	5	36	4
1281	mTP	0.5909090909	0.62778	0.63355	22	5	13	3
1282	mTP	0.7222222222	0.65556	0.73988	36	6	26	5
1283	mTP	0	0.91556	0.5869	35	8	0	0
1284	mTP	0.8275862069	1.06444	0.49282	58	6	48	4
1285	mTP	0.625	0.70444	0.56488	24	4	15	2
1286	mTP	0.4166666667	0.84889	0.61044	24	4	10	2
1287	mTP	0.52	1.13222	0.55569	25	5	13	3
1288	mTP	0.7878787879	0.59222	0.66026	33	5	26	5
1289	mTP	0	0.49889	0.70818	16	4	0	0
1290	mTP	0	0.64111	0.59571	21	4	0	0
1291	mTP	0.9565217391	0.64	0.489	23	5	22	5
1292	mTP	0.3902439024	0.62222	0.3694	41	5	16	2
1293	mTP	0.4634146341	0.72333	0.3694	41	5	19	1
1294	cTP	0.8636363636	0.74111	0.53761	66	4	57	2
1295	cTP	0.8409090909	0.62556	0.41477	44	7	37	6
1296	cTP	0	0.55556	0.42376	34	7	0	0
1297	cTP	0.6363636364	0.89222	0.64718	77	8	49	4
1298	cTP	0.387755102	0.61333	0.34847	49	6	19	4
1299	cTP	0	0.19222	0.32278	14	4	0	0
1300	cTP	0	0.30444	0.6678	17	1	0	0
1301	cTP	0	0.17	0.66806	18	4	0	0
1302	cTP	0.8421052632	0.87556	0.32517	19	-2	16	-2
1303	cTP	1	0.43	0.37389	22	4	22	4
1304	cTP	0.6086956522	0.53111	0.40333	23	5	14	3
1305	cTP	0	0.48889	0.30476	24	5	0	0
1306	cTP	0.76	0.59444	0.43905	25	5	19	4
1307	cTP	0	1.02222	0.3749	25	2	0	0
1308	cTP	0.4230769231	0.48444	0.42675	26	6	11	1
1309	cTP	0.4615384615	0.41444	0.32545	26	5	12	2
1310	cTP	0.3846153846	0.59	0.47482	26	5	10	3
1311	cTP	0	0.23667	0.28661	26	6	0	0
1312	cTP	0	0.56222	0.3459	27	6	0	0
1313	cTP	0.6666666667	0.40889	0.29807	27	6	18	4
1314	cTP	0	0.37556	0.30181	27	6	0	0
1315	cTP	0	0.67778	0.45565	29	7	0	0
1316	cTP	0.3103448276	0.43667	0.45117	29	5	9	2
1317	cTP	0	0.32333	0.26287	29	6	0	0
1318	cTP	0.6666666667	0.37556	0.43505	30	7	20	5
1319	cTP	0.6129032258	0.40778	0.35913	31	6	19	4
1320	cTP	0.8387096774	0.67111	0.37267	31	7	26	7
1321	cTP	0.875	0.58333	0.48726	32	5	28	5
1322	cTP	0.9393939394	0.55778	0.60905	33	6	31	6
1323	cTP	0	0.76111	0.48377	34	0	0	0
1324	cTP	0.3823529412	0.59333	0.34454	34	6	13	2
1325	cTP	0.6176470588	1.16556	0.51073	34	2	21	1
1326	cTP	0.3235294118	0.58778	0.40375	34	6	11	1
1327	cTP	0.25	0.47889	0.37801	36	7	9	0
1328	cTP	0.2702702703	0.37667	0.4084	37	9	10	2
1329	cTP	0.3513513514	0.79778	0.55267	37	7	13	3
1330	cTP	0.9736842105	0.44556	0.41905	38	6	37	6
1331	cTP	0.2368421053	0.55889	0.35995	38	5	9	1
1332	cTP	0.5526315789	0.47333	0.40869	38	7	21	5
1333	cTP	0.8717948718	0.32111	0.46378	39	9	34	9
1334	cTP	1	0.49	0.59025	39	9	39	9
1335	cTP	0.3333333333	0.44111	0.53485	39	9	13	3
1336	cTP	0.6923076923	0.42444	0.44482	39	8	27	5
1337	cTP	0.85	0.76	0.50394	40	5	34	5
1338	cTP	0.65	0.72333	0.33706	40	6	26	4
1339	cTP	0.925	0.62778	0.40173	40	7	37	7
1340	cTP	0.7317073171	0.73889	0.50135	41	7	30	3
1341	cTP	0.5952380952	0.61889	0.58313	42	8	25	4
1342	cTP	0.8139534884	0.72	0.4767	43	7	35	6
1343	cTP	0.6136363636	0.41111	0.36075	44	7	27	4
1344	cTP	0.8695652174	0.82222	0.41596	46	5	40	7
1345	cTP	0.9787234043	0.82889	0.40707	47	10	46	10
1346	cTP	0.2553191489	0.61	0.43275	47	10	12	1
1347	cTP	0.7142857143	0.72222	0.48286	49	6	35	5
1348	cTP	0.58	0.68778	0.49818	50	7	29	4
1349	cTP	0.7	0.69222	0.5397	50	9	35	8
1350	cTP	0.7843137255	0.89	0.72237	51	0	40	2
1351	cTP	0.7884615385	0.58444	0.49553	52	7	41	5
1352	cTP	0.298245614	0.81222	0.70509	57	8	17	3
1353	cTP	0.6315789474	0.66111	0.47617	57	6	36	3
1354	cTP	0.6379310345	0.68667	0.46906	58	3	37	1
1355	cTP	0.8333333333	1.35444	0.70149	60	-1	50	0
1356	cTP	0.3870967742	0.74889	0.50657	62	7	24	5
1357	cTP	1	1.20778	0.77839	64	11	64	11
1358	cTP	0.6615384615	1.12444	0.68923	65	3	43	2
1359	cTP	0.6818181818	1.02556	0.43662	66	10	45	6
1360	cTP	0.3529411765	0.57222	0.60689	68	9	24	3
1361	cTP	0.8529411765	0.78	0.60859	68	13	58	10
1362	cTP	0.4927536232	0.95111	0.50694	69	7	34	1
1363	cTP	0.1714285714	0.69778	0.53195	70	4	12	-2
1364	cTP	0.7	1.23556	0.75839	70	5	49	2
1365	cTP	0.2857142857	0.67222	0.47103	70	8	20	2
1366	cTP	0.6849315068	0.65333	0.45239	73	13	50	6
1367	cTP	0.3513513514	0.55	0.49411	74	11	26	3
1368	cTP	0.8	0.8	0.80295	75	5	60	5
1369	cTP	0.4473684211	1.29667	0.55056	76	3	34	2
1370	cTP	0.4868421053	0.65444	0.76879	76	8	37	7
1371	cTP	0.6582278481	0.74889	0.60553	79	6	52	5
1372	cTP	0.475	0.83667	0.76865	80	9	38	4
1373	cTP	0.3580246914	0.99111	0.66982	81	4	29	-3
1374	cTP	0.6913580247	0.84222	0.57895	81	8	56	4
1375	cTP	0.6265060241	0.77	0.67369	83	4	52	-1
1376	cTP	0.6626506024	0.60333	0.46437	83	7	55	1
1377	cTP	0.2386363636	0.69	0.72064	88	12	21	5
1378	cTP	0.7912087912	1.24111	0.65258	91	3	72	7
1379	cTP	0.7978723404	1.20333	0.68465	94	5	75	5
1380	cTP	0.4736842105	0.95222	0.60238	95	6	45	0
1381	cTP	0.587628866	0.98	0.60999	97	0	57	1
1382	cTP	0.6391752577	1.02111	0.63173	97	12	62	12
1383	cTP	0.6494845361	1.12	0.45653	97	5	63	3
1384	cTP	0	0.34778	0.46063	32	6	0	0
1385	cTP	0.65625	0.59	0.41585	32	6	21	5
1386	cTP	0	0.80111	0.58002	48	6	0	0
1387	cTP	0	0.77667	0.55977	51	5	0	0
1388	cTP	0.5243902439	1.58	0.47676	82	-3	43	-4
1389	cTP	0.3157894737	0.85889	0.64904	57	3	18	0
1390	cTP	0.4868421053	0.99556	0.57236	76	8	37	3
1391	cTP	0.8333333333	0.95667	0.75644	78	8	65	7
1392	cTP	0.375	0.86333	0.48408	64	4	24	3
1393	cTP	0	0.82556	0.49673	45	6	0	0
1394	cTP	0.5254237288	0.77889	0.50086	59	6	31	3
1395	cTP	0.6833333333	0.87778	0.51582	60	8	41	4
1396	cTP	0	0.75444	0.58375	61	6	0	0
1397	cTP	0.3333333333	0.93778	0.59675	72	9	24	4
1398	cTP	0.5409836066	0.83778	0.64167	61	11	33	4
1399	cTP	0	0.67222	0.55666	47	5	0	0
1400	cTP	0.6153846154	0.75444	0.49966	65	8	40	4
1401	cTP	0.3636363636	0.83111	0.7174	66	6	24	3
1402	cTP	0.3209876543	0.72778	0.5848	81	4	26	0
1403	cTP	0.2638888889	0.65889	0.64554	72	9	19	1
1404	cTP	0.4576271186	0.86	0.40541	59	8	27	3
1405	cTP	0	0.88444	0.57667	40	6	0	0
1406	cTP	0.3773584906	0.81667	0.61842	53	7	20	2
1407	cTP	0.4838709677	0.81778	0.56077	31	4	15	2
1408	cTP	0.7142857143	0.73667	0.49865	56	3	40	3
1409	cTP	0.6290322581	0.87667	0.7145	62	7	39	4
1410	cTP	0.1791044776	0.98111	0.65651	67	8	12	2
1411	cTP	0	0.67333	0.57793	63	11	0	0
1412	cTP	0.724137931	1.03444	0.46	58	6	42	6
1413	cTP	0.5238095238	0.75222	0.47318	42	4	22	2
1414	cTP	0.6129032258	0.87333	0.72176	62	6	38	4
1415	cTP	0.2037037037	0.87222	0.67261	54	7	11	2
1416	cTP	0.5194805195	0.78444	0.6518	77	9	40	4
1417	cTP	0	0.97889	0.35063	28	3	0	0
1418	cTP	0.7346938776	0.81333	0.50719	49	5	36	3
1419	cTP	0	0.74	0.55391	47	8	0	0
1420	cTP	0.6507936508	0.74222	0.58438	63	6	41	3
1421	cTP	0.3818181818	0.97778	0.43173	55	5	21	0
1422	cTP	0.4647887324	1.05111	0.64997	71	8	33	6
1423	cTP	0.1698113208	0.78111	0.60333	53	8	9	1
1424	cTP	0.1971830986	1.01333	0.47542	71	6	14	1
1425	cTP	0.5068493151	0.69222	0.48311	73	7	37	3
1426	cTP	0.2352941176	0.86889	0.62727	51	8	12	1
1427	cTP	0.225	0.97222	0.65119	40	6	9	-1
1428	cTP	0.829787234	0.68667	0.71076	47	8	39	5
1429	cTP	0	1.00778	0.4122	50	5	0	0
1430	cTP	0.4423076923	0.84667	0.47561	52	6	23	3
1431	cTP	0.5510204082	0.95889	0.61084	49	8	27	1
1432	cTP	0.9615384615	0.89333	0.44492	78	8	75	6
1433	cTP	0.6279069767	0.88889	0.60299	43	4	27	3
1434	cTP	0.8163265306	0.94667	0.55494	49	6	40	5
1435	cTP	0	1.06667	0.35982	35	4	0	0
1436	cTP	0.1818181818	1.13778	0.62954	55	5	10	1
1437	cTP	0.3536585366	1.06333	0.59268	82	0	29	0
1438	cTP	0.3513513514	1.00556	0.45092	37	4	13	1
1439	cTP	0.4406779661	0.73444	0.48498	59	4	26	2
1440	cTP	0.5172413793	0.86444	0.5278	58	5	30	1
1441	cTP	0.3103448276	1.28222	0.47083	29	2	9	0
1442	cTP	0.4	0.73111	0.4489	60	6	24	4
1443	cTP	0	0.95778	0.53994	58	7	0	0
1444	cTP	0.2133333333	0.78444	0.51153	75	8	16	0
1445	cTP	0.1960784314	0.76556	0.6829	51	7	10	1
1446	cTP	0.3695652174	0.63333	0.45582	46	5	17	2
1447	cTP	0.5740740741	0.86444	0.54711	54	8	31	4
1448	cTP	0.3582089552	0.83	0.61926	67	10	24	3
1449	cTP	0.7375	0.74	0.62049	80	9	59	7
1450	cTP	0.462962963	0.94889	0.5443	54	5	25	1
1451	cTP	0	0.90333	0.6539	41	3	0	0
1452	cTP	0.3142857143	0.89111	0.45126	70	3	22	1
1453	cTP	0.8372093023	0.62667	0.58437	43	4	36	4
1454	cTP	0.2321428571	1.06667	0.51144	56	6	13	2
1455	cTP	0.2878787879	1.01778	0.51913	66	6	19	2
1456	cTP	0.7291666667	0.75	0.49984	48	6	35	4
1457	cTP	0.2549019608	0.80778	0.52187	51	6	13	1
1458	cTP	0.1851851852	0.92333	0.3923	54	7	10	0
1459	cTP	0.8333333333	0.93333	0.65843	72	6	60	4
1460	cTP	0.3404255319	0.93444	0.54392	47	3	16	1
1461	cTP	0.7727272727	0.81222	0.57899	66	9	51	7
1462	cTP	0.36	0.78889	0.52957	75	9	27	2
1463	cTP	0.7948717949	0.93778	0.46354	78	8	62	6
1464	cTP	0.1333333333	0.59222	0.49774	75	6	10	0
1465	cTP	0.3859649123	0.71222	0.65602	57	7	22	1
1466	cTP	0.6444444444	0.87111	0.49867	45	4	29	2
1467	cTP	0.5172413793	0.72444	0.51904	58	4	30	5
1468	cTP	0.3793103448	0.77444	0.67437	87	1	33	0
1469	cTP	0	0.58	0.42877	52	6	0	0
1470	cTP	0.8918918919	1.02889	0.64776	37	5	33	4
1471	cTP	0.6875	0.77	0.48801	48	5	33	2
1472	cTP	0.3833333333	0.92889	0.51585	60	9	23	2
1473	cTP	0.22	0.85333	0.51259	50	7	11	2
1474	cTP	0	0.86111	0.51831	67	8	0	0
1475	cTP	0.5	0.62444	0.51467	52	7	26	4
1476	cTP	0.5428571429	1.06444	0.34644	35	8	19	2
1477	cTP	0.2280701754	1.00889	0.6452	57	5	13	0
1478	cTP	0.1923076923	0.77556	0.57343	52	9	10	0
1479	cTP	0.9464285714	0.83222	0.52953	56	4	53	4
1480	cTP	0.7142857143	0.83222	0.49141	56	3	40	3
1481	cTP	0.6538461538	0.72667	0.50317	52	6	34	5
1482	cTP	0.1388888889	0.75111	0.70471	72	7	10	1
1483	cTP	0.4615384615	1.07111	0.71303	52	8	24	4
1484	cTP	0.5384615385	0.74667	0.51394	65	9	35	4
1485	cTP	0.2765957447	0.77444	0.549	47	4	13	0
1486	cTP	0.42	0.85	0.52435	50	8	21	1
1487	cTP	0.52	0.63333	0.59602	50	7	26	2
1488	cTP	0.4050632911	1.04111	0.59626	79	9	32	3
1489	cTP	0.7222222222	0.78667	0.62276	54	9	39	8
1490	cTP	0.2711864407	1.22	0.49264	59	6	16	1
1491	cTP	0.6538461538	0.45111	0.48726	26	1	17	1
1492	cTP	0	0.90111	0.45816	35	4	0	0
1493	cTP	0.75	0.84778	0.51264	36	6	27	3
1494	cTP	0	0.87778	0.36097	38	7	0	0
1495	cTP	0.5227272727	1.17556	0.53148	44	6	23	1
1496	cTP	0.2708333333	0.72333	0.71808	48	8	13	0
1497	cTP	0	0.82111	0.47829	49	5	0	0
1498	cTP	0	0.99	0.45185	50	7	0	0
1499	cTP	0.78	0.94222	0.65075	50	7	39	6
1500	cTP	0.24	1.01333	0.71737	50	5	12	2
1501	cTP	0.52	0.87556	0.43313	50	6	26	1
1502	cTP	0.5882352941	1.07333	0.56584	51	7	30	2
1503	cTP	0.7924528302	0.94556	0.50621	53	5	42	4
1504	cTP	0.4150943396	0.71444	0.4853	53	5	22	0
1505	cTP	0.1851851852	0.86111	0.56926	54	6	10	0
1506	cTP	0	0.73778	0.49602	55	9	0	0
1507	cTP	0.2	0.68111	0.51035	55	6	11	3
1508	cTP	0.1785714286	0.84	0.44898	56	9	10	0
1509	cTP	0.1964285714	0.77778	0.36775	56	6	11	0
1510	cTP	0.2931034483	0.78111	0.6174	58	7	17	2
1511	cTP	0.1525423729	0.75556	0.57431	59	8	9	1
1512	cTP	0.2698412698	0.89333	0.51945	63	11	17	3
1513	cTP	0.265625	0.77	0.46812	64	5	17	2
1514	cTP	0.196969697	0.78333	0.43345	66	10	13	3
1515	cTP	0.2058823529	0.87333	0.50847	68	7	14	0
1516	cTP	0.7083333333	0.88111	0.68505	72	6	51	2
1517	cTP	0.8933333333	1.04889	0.62323	75	6	67	3
1518	Random	0.7857142857	1.02778	0.60047	42	2	33	2
1519	Random	0.3461538462	0.51	0.40789	26	0	9	2
1520	Random	0.3913043478	0.93556	0.60911	46	-3	18	-2
1521	Random	0.4871794872	1.05	0.73687	39	-2	19	-2
1522	Random	0.2941176471	0.91	0.56174	34	-3	10	1
1523	Random	0	0.99333	0.6363	44	-4	0	0
1524	Random	0.5662650602	0.97111	0.71846	83	3	47	2
1525	Random	0.875	1.07	0.58251	40	3	35	4
1526	Random	0.8717948718	0.63778	0.62475	39	2	34	2
1527	Random	0.7654320988	1.03778	0.68889	81	2	62	3
1528	Random	0.5185185185	1.07556	0.72476	81	3	42	2
1529	Random	0.4090909091	1.15889	0.61323	66	0	27	-1
1530	Random	0.3	1.06333	0.55235	60	3	18	1
1531	Random	0.3846153846	1.02	0.48521	26	0	10	-1
1532	Random	0.6153846154	1.20778	0.66163	26	0	16	0
1533	Random	0.7948717949	0.52333	0.388	39	-8	31	-5
1534	Random	0	0.09222	0.51979	14	-1	0	0
1535	Random	0.2777777778	0.90222	0.43603	54	5	15	0
1536	Random	0.3846153846	1.12778	0.62059	26	0	10	0
1537	Random	0.5463917526	1	0.78556	97	5	53	2
1538	Random	0.4038461538	1.28	0.53136	52	-1	21	1
1539	Random	0.8315789474	1.43222	0.62477	95	1	79	1
1540	Random	0	0.54222	0.38717	38	-2	0	0
1541	Random	0.4102564103	0.96556	0.63012	39	-2	16	0
1542	Random	0.5277777778	1.07222	0.37321	36	0	19	0
1543	Random	0.5	1.03	0.59267	38	-3	19	-3
1544	Random	0	0.42667	0.49384	50	6	0	0
1545	Random	0.5454545455	1.07333	0.55426	22	-1	12	1
1546	Random	0.71875	0.90778	0.53553	64	-6	46	-3
1547	Random	0	1.14778	0.57583	44	-1	0	0
1548	Random	0.5360824742	1.33111	0.56796	97	-4	52	2
1549	Random	0.4285714286	1.02444	0.35204	21	0	9	1
1550	Random	0.56	1.23111	0.45778	25	-2	14	-2
1551	Random	0.4473684211	0.98778	0.67431	76	3	34	2
1552	Random	0.9411764706	0.95	0.67259	68	0	64	0
1553	Random	0	0.79778	0.52533	21	-1	0	0
1554	Random	0.5164835165	1.31556	0.69101	91	-8	47	-4
1555	Random	0.5357142857	0.65111	0.41113	28	-2	15	-1
1556	Random	0.6049382716	1.04889	0.71519	81	-4	49	0
1557	Random	0.6	0.83	0.44754	25	4	15	3
1558	Random	0	1.22778	0.34302	27	-2	0	0
1559	Random	0.3209876543	1.38111	0.5432	81	2	26	1
1560	Random	0	0.80444	0.3912	19	0	0	0
1561	Random	0.5652173913	0.86556	0.64818	23	0	13	1
1562	Random	0.375	1.07444	0.45264	40	0	15	1
1563	Random	0.8181818182	1.07222	0.7184	44	0	36	-2
1564	Random	0.6296296296	0.85333	0.67831	27	-1	17	0
1565	Random	0.5263157895	0.58889	0.69412	38	0	20	2
1566	Random	0.3	0.68889	0.43044	40	0	12	1
1567	Random	1	0.64222	0.43529	36	1	36	1
1568	Random	0.8596491228	0.94	0.55829	57	3	49	1
1569	Random	0.5051546392	1.41	0.59684	97	-1	49	-2
1570	Random	0.5945945946	1.1	0.49088	37	0	22	-4
1571	Random	0	0.78	0.48016	40	0	0	0
1572	Random	0.4210526316	1.09556	0.64778	76	0	32	3
1573	Random	0	0.91444	0.38272	51	2	0	0
1574	Random	0	0.25111	0.30925	20	-3	0	0
1575	Random	0.6382978723	0.80444	0.52668	47	-1	30	1
1576	Random	0.5652173913	0.39889	0.52304	23	-2	13	-2
1577	Random	0	0.58444	0.29149	20	-1	0	0
1578	Random	0.9210526316	0.75667	0.5549	38	7	35	7
1579	Random	0.7586206897	0.75111	0.44941	29	2	22	2
1580	Random	0.8108108108	0.48	0.53508	37	10	30	7
1581	Random	0	0.78111	0.69856	26	-2	0	0
1582	Random	0.5567010309	1.13	0.50239	97	-5	54	-2
1583	Random	0.972972973	1.20889	0.63392	37	3	36	2
1584	Random	0.3461538462	0.55889	0.46372	26	0	9	1
1585	Random	0.84	0.82444	0.63311	50	4	42	2
1586	Random	0.62	0.99111	0.70114	50	-5	31	-4
1587	Random	0.6153846154	1.21222	0.6923	91	0	56	2
1588	Random	0	0.36667	0.44633	19	0	0	0
1589	Random	0	0.66889	0.58368	34	3	0	0
1590	Random	0	0.65556	0.3858	26	-3	0	0
1591	Random	0.3225806452	1.20333	0.5359	31	1	10	0
1592	Random	0.8076923077	0.48778	0.58286	26	2	21	3
1593	Random	0.619047619	0.61889	0.62525	21	0	13	-1
1594	Random	0.8333333333	0.71667	0.62187	18	-1	15	-1
1595	Random	0.4375	1.01222	0.43541	32	1	14	0
1596	Random	0.8571428571	0.92667	0.65704	70	0	60	1
1597	Random	0.5483870968	0.78556	0.53589	62	0	34	1
1598	Random	0.4074074074	0.71222	0.55396	81	4	33	-3
1599	Random	0.746835443	0.96222	0.67851	79	-3	59	-1
1600	Random	0.6933333333	0.89111	0.63594	75	-2	52	-2
1601	Random	0.6049382716	1.05667	0.60858	81	0	49	-1
1602	Random	0.6	1.28	0.55527	25	-3	15	-2
1603	Random	0.8051948052	0.75667	0.53458	77	3	62	4
1604	Random	0.3703703704	0.94889	0.6505	27	4	10	2
1605	Random	0.1551724138	0.70889	0.51941	58	-6	9	-2
1606	Random	0.7446808511	1.31222	0.63456	47	3	35	1
1607	Random	0.4677419355	0.95333	0.48924	62	1	29	-1
1608	Random	0	0.49	0.32575	24	2	0	0
1609	Random	0.4931506849	1.17556	0.61279	73	-2	36	-2
1610	Random	0.7272727273	0.99556	0.7165	88	-5	64	-6
1611	Random	0	1.08556	0.57041	40	5	0	0
1612	Random	0.3402061856	0.88667	0.6819	97	0	33	2
1613	Random	0.5194805195	1.17778	0.5741	77	1	40	2
1614	Random	0.34375	1.14222	0.5017	32	4	11	1
1615	Random	0	1.05333	0.74503	29	0	0	0
1616	Random	0.8072289157	0.95778	0.77605	83	-2	67	0
1617	Random	0.4912280702	0.86444	0.65067	57	-3	28	-2
1618	Random	0.4153846154	0.77556	0.5591	65	2	27	1
1619	Random	0.2820512821	0.69778	0.58908	39	4	11	1
1620	Random	0.1234567901	1.19	0.59249	81	-6	10	1
1621	Random	0.7121212121	0.81222	0.79587	66	-1	47	-2
1622	Random	0.4578313253	0.98444	0.68308	83	3	38	1
1623	Random	0.4594594595	0.73333	0.62241	37	-1	17	0
1624	Random	0.5135135135	0.62	0.57752	37	0	19	0
1625	Random	0.6	0.68556	0.47963	40	-1	24	-1
1626	Random	0.74	1.10889	0.7371	50	4	37	3
1627	Random	0.5769230769	0.85222	0.62439	26	-2	15	-3
1628	Random	0.7954545455	0.70222	0.6567	44	4	35	1
1629	Random	0.3461538462	0.80778	0.43877	26	-2	9	0
1630	Random	0	0.67444	0.57747	21	0	0	0
1631	Random	0.5303030303	0.91222	0.79214	66	-1	35	-2
1632	Random	0.5833333333	0.74444	0.73062	36	1	21	2
1633	Random	0.8125	0.86222	0.65046	32	-1	26	0
1634	Random	0.7027027027	0.65222	0.55289	37	-4	26	-1
1635	Random	0.225	0.93222	0.42613	40	-1	9	-1
1636	Random	0.6063829787	0.82333	0.68301	94	11	57	4
1637	Random	0.5773195876	1.07111	0.69054	97	-1	56	-3
1638	Random	0.8695652174	0.57444	0.48619	23	-1	20	-1
1639	Random	0.6666666667	0.44556	0.51683	18	2	12	0
1640	Random	0	0.78556	0.67469	26	2	0	0
1641	Random	0.4857142857	0.86889	0.69755	70	2	34	2
1642	Random	0.9259259259	0.44444	0.46799	27	-4	25	-4
1643	Random	0.7741935484	0.94778	0.56657	31	1	24	-2
1644	Random	0	0.97778	0.55136	26	-2	0	0
1645	Random	0.3103448276	1.21111	0.59758	58	-2	18	0
1646	Random	0.2702702703	0.78	0.63058	37	0	10	0
1647	Random	0	0.83222	0.55161	47	-2	0	0
1648	Random	0.52	0.78667	0.53598	25	0	13	2
1649	Random	0.425	1.14333	0.56086	40	-1	17	0
1650	Random	0.78125	0.48222	0.48747	32	1	25	0
1651	Random	0	0.82	0.41758	32	-4	0	0
1652	Random	0	0.75222	0.51278	34	1	0	0
1653	Random	0	0.71889	0.58092	26	2	0	0
1654	Random	0	1.06889	0.62363	22	-3	0	0
1655	Random	0.4857142857	0.70889	0.70105	70	-1	34	1
1656	Random	0.7	0.90667	0.67876	40	1	28	2
1657	Random	0.8039215686	1.23556	0.51369	51	-4	41	-4
1658	Random	0.3043478261	0.65667	0.71174	46	2	14	2
1659	Random	0.7222222222	1.03222	0.72299	54	-7	39	-3
1660	Random	0.6470588235	0.59778	0.67926	34	-1	22	-1
1661	Random	0.6785714286	0.91667	0.52196	28	3	19	2
1662	Random	0.7058823529	1.08667	0.46872	17	1	12	1
1663	Random	0.6	1.05	0.71845	70	-1	42	-2
1664	Random	0.4117647059	1.18778	0.53722	51	-2	21	-1
1665	Random	0.25	0.96778	0.61283	64	0	16	-2
1666	Random	0.6515151515	1.28	0.63481	66	4	43	1
1667	Random	0.725	0.63556	0.73114	40	2	29	5
1668	Random	0.9459459459	0.89889	0.55547	37	1	35	1
1669	Random	0.6470588235	1.03778	0.58388	68	3	44	8
1670	Random	0	0.80222	0.5022	38	-3	0	0
1671	Random	0	1.10333	0.52504	32	2	0	0
1672	Random	0.625	1.35111	0.73016	32	5	20	3
1673	Random	0.4642857143	0.91222	0.43596	28	-1	13	0
1674	Random	0.7162162162	1.28778	0.78784	74	1	53	2
1675	Random	0.3333333333	0.62556	0.56127	27	1	9	0
1676	Random	0.5113636364	1.27444	0.65895	88	-8	45	-6
1677	Random	0.7692307692	0.56333	0.40844	26	0	20	1
1678	Random	0	0.69	0.36179	26	0	0	0
1679	Random	0	0.80778	0.40565	37	3	0	0
1680	Random	1	0.95778	0.56485	26	1	26	1
1681	Random	0	1.03667	0.36192	17	-1	0	0
1682	Random	0	0.35222	0.45011	27	-2	0	0
1683	Random	0.4871794872	0.69778	0.59896	39	-1	19	-4
1684	Random	0	0.19556	0.33355	24	3	0	0
1685	Random	0.347826087	0.77556	0.42501	69	-2	24	-1
1686	Random	0	0.78556	0.28023	22	-1	0	0
1687	Random	0.8235294118	0.96889	0.57116	17	1	14	-1
1688	Random	0.8	1.05667	0.48149	40	1	32	1
1689	Random	0.4473684211	1.00111	0.72191	38	-1	17	2
1690	Random	0.3461538462	0.75444	0.49633	26	-3	9	-2
1691	Random	0.4516129032	0.63333	0.61014	31	1	14	1
1692	Random	0	0.23444	0.41071	17	1	0	0
1693	Random	0	0.75	0.33808	32	2	0	0
1694	Random	0	0.70333	0.66119	26	2	0	0
1695	Random	0.6176470588	0.83667	0.57022	68	-4	42	0
1696	Random	0.4716981132	0.99778	0.57121	53	3	25	3
1697	Random	0.5625	1.02222	0.74947	64	1	36	1
1698	Random	0	0.72667	0.42566	22	5	0	0
1699	Random	0	0.92	0.43993	14	2	0	0
1700	Random	0.2608695652	0.65333	0.74292	46	9	12	3
1701	Random	0.3235294118	1.32889	0.62522	34	-4	11	-2
1702	Random	0.5789473684	0.96444	0.58038	19	0	11	-1
1703	Random	0.4848484848	0.47444	0.46919	33	0	16	0
1704	Random	0.5	0.82778	0.43865	22	-3	11	1
1705	Random	0	1.19889	0.34765	37	-4	0	0
1706	Random	0.375	1.11333	0.50014	40	-1	15	-2
1707	Random	0	0.8	0.54489	32	3	0	0
1708	Random	0.4242424242	0.86222	0.62978	33	0	14	-1
1709	Random	0.4054054054	0.69222	0.53058	37	-2	15	0
1710	Random	0.5853658537	1.02333	0.62259	41	1	24	1
1711	Random	0.48	0.90778	0.59455	25	1	12	0
1712	Random	0.3	0.84444	0.66921	50	1	15	0
1713	Random	0.28125	0.81	0.59872	32	3	9	0
1714	Random	0.8	1.17	0.58554	25	1	20	0
1715	Random	0.9090909091	1.06444	0.63952	33	-4	30	-3
1716	Random	0	0.71222	0.47642	33	2	0	0
1717	Random	0	0.78	0.44325	33	2	0	0
